status,service,path
500,PYC_CFG_SRV,/sap/opu/odata/sap/PYC_CFG_SRV
500,PIQ_REQUEST_SRV,/sap/opu/odata/sap/PIQ_REQUEST_SRV
500,GFD_CONFIG_SRV,/sap/opu/odata/sap/GFD_CONFIG_SRV
500,HRSFEC_INFOTYPE_SRV,/sap/opu/odata/sap/HRSFEC_INFOTYPE_SRV
500,PIQ_LPD_DEG_REQ_SRV,/sap/opu/odata/sap/PIQ_LPD_DEG_REQ_SRV
500,ADT_SRV,/sap/opu/odata/sap/ADT_SRV
500,PIQ_LPD_ADVISOR_SRV,/sap/opu/odata/sap/PIQ_LPD_ADVISOR_SRV
500,PYC_CONT_SRV,/sap/opu/odata/sap/PYC_CONT_SRV
200,PYC_TEAM_ALERTS_SRV,/sap/opu/odata/sap/PYC_TEAM_ALERTS_SRV
200,PYC_CONF_SRV,/sap/opu/odata/sap/PYC_CONF_SRV
200,PYC_CONT_PEM_002_SRV,/sap/opu/odata/sap/PYC_CONT_PEM_002_SRV
500,PYD_CONT_SRV,/sap/opu/odata/sap/PYD_CONT_SRV
200,PYC_FRW_SRV,/sap/opu/odata/sap/PYC_FRW_SRV
500,PYD_FRW_SRV,/sap/opu/odata/sap/PYD_FRW_SRV
200,PYC_CONT_002_SRV,/sap/opu/odata/sap/PYC_CONT_002_SRV
200,PYC_ALERT_MANAGER_SRV,/sap/opu/odata/sap/PYC_ALERT_MANAGER_SRV
500,PYC_CFG_VR_SRV,/sap/opu/odata/sap/PYC_CFG_VR_SRV
500,TSW_MYEVENTS_SRV,/sap/opu/odata/sap/TSW_MYEVENTS_SRV
500,TSW_MYNOMINATIONS_SRV_01,/sap/opu/odata/sap/TSW_MYNOMINATIONS_SRV_01
200,PYC_OFF_CYCLE_SRV,/sap/opu/odata/sap/PYC_OFF_CYCLE_SRV
500,PYC_KPI_CONFIG_1_SRV,/sap/opu/odata/sap/PYC_KPI_CONFIG_1_SRV
500,TSW_REGIONAL_INVENTORY_SRV_01,/sap/opu/odata/sap/TSW_REGIONAL_INVENTORY_SRV_01
200,PYC_CONT_003_SRV,/sap/opu/odata/sap/PYC_CONT_003_SRV
500,HRSFEC_PAY_OVERVIEW_SRV,/sap/opu/odata/sap/HRSFEC_PAY_OVERVIEW_SRV
500,HRSFEC_PAYCTRL_REC_SRV,/sap/opu/odata/sap/HRSFEC_PAYCTRL_REC_SRV
200,ZESH_SEARCH_SRV,/sap/opu/odata/sap/ESH_SEARCH_SRV
200,ZRSAO_ODATA_SRV,/sap/opu/odata/sap/RSAO_ODATA_SRV
500,HRSFEC_ECP_INFO_SRV,/sap/opu/odata/sap/HRSFEC_ECP_INFO_SRV
200,ZLO_MASS_UPLOAD_UTILITY_SRV_01,/sap/opu/odata/sap/LO_MASS_UPLOAD_UTILITY_SRV_01
200,ZFCLM_BAM_SRV,/sap/opu/odata/sap/FCLM_BAM_SRV
200,PYC_TEAM_MAINT_SRV,/sap/opu/odata/sap/PYC_TEAM_MAINT_SRV
200,ZFINS_TRR_PECRUN_SALES_SRV,/sap/opu/odata/sap/FINS_TRR_PECRUN_SALES_SRV
200,PYC_PROCESS_MANAGER_SRV,/sap/opu/odata/sap/PYC_PROCESS_MANAGER_SRV
200,ZSUI_FLP_APP_SUP_SRV,/sap/opu/odata/sap/SUI_FLP_APP_SUP_SRV
200,PYC_TEAM_MANAGER_SRV,/sap/opu/odata/sap/PYC_TEAM_MANAGER_SRV
200,ZC_BKACCTTWOPERSONWL_SRV,/sap/opu/odata/sap/C_BKACCTTWOPERSONWL_SRV
200,ZFINS_TRR_PECRUN_PROJECT_SRV_01,/sap/opu/odata/sap/FINS_TRR_PECRUN_PROJECT_SRV_01
200,ZFINS_TRR_PECRUN_SRVDOC_SRV,/sap/opu/odata/sap/FINS_TRR_PECRUN_SRVDOC_SRV
200,ZC_BALANCECARRYFWDSTATUS_CDS,/sap/opu/odata/sap/C_BALANCECARRYFWDSTATUS_CDS
200,ZAPL_LOG_MANAGEMENT_SRV,/sap/opu/odata/sap/APL_LOG_MANAGEMENT_SRV
200,ZFINS_TRR_PECRUN_REALTIME_SRV,/sap/opu/odata/sap/FINS_TRR_PECRUN_REALTIME_SRV
200,ZFAR_MANAGE_BS_SRV,/sap/opu/odata/sap/FAR_MANAGE_BS_SRV
200,ZCA_FM_FEATURE_TOGGLE_STATUS_SRV,/sap/opu/odata/sap/CA_FM_FEATURE_TOGGLE_STATUS_SRV
200,ZBANKACCOUNTOPENINGREQWL,/sap/opu/odata/sap/BANKACCOUNTOPENINGREQWL
200,ZCV_ATTACHMENT_SRV,/sap/opu/odata/sap/CV_ATTACHMENT_SRV
200,ZFAP_APPROVEBANKPAYMENTS_SRV,/sap/opu/odata/sap/FAP_APPROVEBANKPAYMENTS_SRV
200,ZFCLM_BRM_FBAR_SRV,/sap/opu/odata/sap/FCLM_BRM_FBAR_SRV
200,ZC_SITNINSTCEACTYMONITORING_CDS,/sap/opu/odata/sap/C_SITNINSTCEACTYMONITORING_CDS
200,ZE2EIE_CC_SOLBUILDER,/sap/opu/odata/sap/E2EIE_CC_SOLBUILDER
200,ZCA_OC_OUTPUT_REQUEST_SRV,/sap/opu/odata/sap/CA_OC_OUTPUT_REQUEST_SRV
200,ZFAA_ASSET_VALUES_OVERVIEW_SRV,/sap/opu/odata/sap/FAA_ASSET_VALUES_OVERVIEW_SRV
200,ZFAC_MONITORING_PRA_SRV,/sap/opu/odata/sap/FAC_MONITORING_PRA_SRV
200,ZFAC_FINANCIAL_DOCUMENT_SRV_01,/sap/opu/odata/sap/FAC_FINANCIAL_DOCUMENT_SRV_01
200,ZAPJ_JOB_MANAGEMENT_SRV,/sap/opu/odata/sap/APJ_JOB_MANAGEMENT_SRV
200,ZSWF_FLEX_DEF_SRV,/sap/opu/odata/sap/SWF_FLEX_DEF_SRV
200,ZAPS_CHANGE_DOCUMENTS_SRV,/sap/opu/odata/sap/APS_CHANGE_DOCUMENTS_SRV
200,ZFAR_BALANCES_V2_SRV,/sap/opu/odata/sap/FAR_BALANCES_V2_SRV
200,ZFINS_TRR_SO_MONITOR_SRV,/sap/opu/odata/sap/FINS_TRR_SO_MONITOR_SRV
200,ZFAA_DISPLAY_WORKLIST_SRV,/sap/opu/odata/sap/FAA_DISPLAY_WORKLIST_SRV
200,ZCA_RSM_TEAM_ACTION_SRV,/sap/opu/odata/sap/CA_RSM_TEAM_ACTION_SRV
200,ZC_SITNINSTANCETP_CDS,/sap/opu/odata/sap/C_SITNINSTANCETP_CDS
200,ZFIN_USER_DEFAULTPARAMETER_SRV,/sap/opu/odata/sap/FIN_USER_DEFAULTPARAMETER_SRV
200,ZFCLM_CASH_BANKTRANSFER_SRV,/sap/opu/odata/sap/FCLM_CASH_BANKTRANSFER_SRV
200,ZCA_RSM_TEAM_SRV,/sap/opu/odata/sap/CA_RSM_TEAM_SRV
200,ZFAC_UNIVERSAL_HIERARCHY_SRV,/sap/opu/odata/sap/FAC_UNIVERSAL_HIERARCHY_SRV
200,ZFINS_EBRR_MONITOR_PRO_SRV,/sap/opu/odata/sap/FINS_EBRR_MONITOR_PRO_SRV
200,ZUI_BANKPOWEROFATTORNEY_IMP,/sap/opu/odata/sap/UI_BANKPOWEROFATTORNEY_IMP
200,ZBANKCASHBALANCE_MONITOR_O2,/sap/opu/odata/sap/BANKCASHBALANCE_MONITOR_O2
200,ZBANKACCOUNTOPENINGREQOVW,/sap/opu/odata/sap/BANKACCOUNTOPENINGREQOVW
200,ZUI_FINS_TRR_SVD_MON,/sap/opu/odata/sap/UI_FINS_TRR_SVD_MON
200,ZBANKSTATEMENTPROCCONF_O2,/sap/opu/odata/sap/BANKSTATEMENTPROCCONF_O2
200,ZBANKACCTOPENINGREQDRFTTP,/sap/opu/odata/sap/BANKACCTOPENINGREQDRFTTP
200,ZMAP_FORMAT_DATA_SRV,/sap/opu/odata/sap/MAP_FORMAT_DATA_SRV
200,ZFAA_ASSET_MANAGE_SRV,/sap/opu/odata/sap/FAA_ASSET_MANAGE_SRV
200,ZFCLM_CP_PAYMENTDETAIL_SRV,/sap/opu/odata/sap/FCLM_CP_PAYMENTDETAIL_SRV
200,ZFCLM_BM_SRV,/sap/opu/odata/sap/FCLM_BM_SRV
200,ZUI_JOURNALENTRY_OTA_O2,/sap/opu/odata/sap/UI_JOURNALENTRY_OTA_O2
200,ZCA_SIT2_MST_SRV,/sap/opu/odata/sap/CA_SIT2_MST_SRV
000,ZFAR_BS_ITM_REPROC_SRV,/sap/opu/odata/sap/FAR_BS_ITM_REPROC_SRV
200,ZUI_FIXEDASSETUSAGEOBJ_MNTN,/sap/opu/odata/sap/UI_FIXEDASSETUSAGEOBJ_MNTN
200,ZBANKCASHBALANCE_O2,/sap/opu/odata/sap/BANKCASHBALANCE_O2
200,ZFCLM_BRM_BANK_FEE_ANALYSIS_SRV,/sap/opu/odata/sap/FCLM_BRM_BANK_FEE_ANALYSIS_SRV
200,ZFCLM_BRM_BANK_FEE_IMPORT_SRV,/sap/opu/odata/sap/FCLM_BRM_BANK_FEE_IMPORT_SRV
200,ZUI_BANKPOWEROFATTORNEY_MNG,/sap/opu/odata/sap/UI_BANKPOWEROFATTORNEY_MNG
200,ZFCLM_BRM_BANK_FEE_CONDITION_SRV,/sap/opu/odata/sap/FCLM_BRM_BANK_FEE_CONDITION_SRV
200,ZFAC_GLV_GL_ACCOUNT_LINE_ITEMS_SRV,/sap/opu/odata/sap/FAC_GLV_GL_ACCOUNT_LINE_ITEMS_SRV
200,ZC_SUPLREVALSCRHISTJOBMNTR_CDS,/sap/opu/odata/sap/C_SUPLREVALSCRHISTJOBMNTR_CDS
200,ZC_POCNTRLANLYTSFAILEDJOB_CDS,/sap/opu/odata/sap/C_POCNTRLANLYTSFAILEDJOB_CDS
200,ZC_SITN2DEMOFLIGHTVH_CDS,/sap/opu/odata/sap/C_SITN2DEMOFLIGHTVH_CDS
200,ZFCO_ALLOCATION_TAG_V2_SRV,/sap/opu/odata/sap/FCO_ALLOCATION_TAG_V2_SRV
200,ZFCLM_MBTS_WITHTMPL_SRV,/sap/opu/odata/sap/FCLM_MBTS_WITHTMPL_SRV
200,ZCOGS_SPLIT_EXPLAIN_BINDING,/sap/opu/odata/sap/COGS_SPLIT_EXPLAIN_BINDING
200,ZFAC_EV_GL_ACCOUNT_LINE_ITEMS_SRV,/sap/opu/odata/sap/FAC_EV_GL_ACCOUNT_LINE_ITEMS_SRV
200,ZFCLM_CASH_BANKTRANSFERTEM_SRV,/sap/opu/odata/sap/FCLM_CASH_BANKTRANSFERTEM_SRV
200,ZUI_CSHPOOLASSGMTHIER_DISP,/sap/opu/odata/sap/UI_CSHPOOLASSGMTHIER_DISP
200,ZMANAGE_OUTGOING_FORMAT_SRV,/sap/opu/odata/sap/MANAGE_OUTGOING_FORMAT_SRV
200,ZFCLM_BRM_INTRABNKSTAT_MONITOR_SRV,/sap/opu/odata/sap/FCLM_BRM_INTRABNKSTAT_MONITOR_SRV
200,ZSGBT_NTE_CDS_API_D_SRV,/sap/opu/odata/sap/SGBT_NTE_CDS_API_D_SRV
000,ZMANAGE_INCOMING_FORMAT_SRV,/sap/opu/odata/sap/MANAGE_INCOMING_FORMAT_SRV
200,ZSD_SA_PROCFLOW,/sap/opu/odata/sap/SD_SA_PROCFLOW
200,ZSD_SALESSCHEDGAGRMT_OBJPG,/sap/opu/odata/sap/SD_SALESSCHEDGAGRMT_OBJPG
200,ZLO_VCHCLF,/sap/opu/odata/sap/LO_VCHCLF
200,ZSD_SO_PROCFLOW_SRV,/sap/opu/odata/sap/SD_SO_PROCFLOW_SRV
200,ZSD_F1814_SO_FS_SRV,/sap/opu/odata/sap/SD_F1814_SO_FS_SRV
200,ZMDC_CUSTMIZING,/sap/opu/odata/sap/MDC_CUSTMIZING
200,ZUI_SHORTTERMCASHPOS_DISP,/sap/opu/odata/sap/UI_SHORTTERMCASHPOS_DISP
200,ZFCLM_CASH_MMRD_RECNCL_SRV,/sap/opu/odata/sap/FCLM_CASH_MMRD_RECNCL_SRV
200,ZUI_CASHPOOL_MANAGE,/sap/opu/odata/sap/UI_CASHPOOL_MANAGE
200,ZFAC_PROJECT_WIP_DETAIL_LIST_SRV,/sap/opu/odata/sap/FAC_PROJECT_WIP_DETAIL_LIST_SRV
000,ZFAA_MD_MANAGE_SRV,/sap/opu/odata/sap/FAA_MD_MANAGE_SRV
200,ZFINS_TRR_MONITOR_SRV,/sap/opu/odata/sap/FINS_TRR_MONITOR_SRV
200,ZFINS_ACDOC_PLAN_IMPORT_SRV,/sap/opu/odata/sap/FINS_ACDOC_PLAN_IMPORT_SRV
200,ZFCLM_BAM_FS_HOUSEBANK_SRV_01,/sap/opu/odata/sap/FCLM_BAM_FS_HOUSEBANK_SRV_01
200,ZFCLM_BAM_FS_HOUSEBANKACCT_SRV,/sap/opu/odata/sap/FCLM_BAM_FS_HOUSEBANKACCT_SRV
200,ZFCLM_BAM_FS_BANK_SRV,/sap/opu/odata/sap/FCLM_BAM_FS_BANK_SRV
200,ZFAC_INCOMINGORDERS_SRV,/sap/opu/odata/sap/FAC_INCOMINGORDERS_SRV
200,ZFCLM_CASH_FLOW_ANALYZER_SRV,/sap/opu/odata/sap/FCLM_CASH_FLOW_ANALYZER_SRV
200,ZFCO_PA_REALIGNMENT_SRV,/sap/opu/odata/sap/FCO_PA_REALIGNMENT_SRV
200,ZFCLM_CASH_MEMORECORDWD_SRV,/sap/opu/odata/sap/FCLM_CASH_MEMORECORDWD_SRV
200,ZFAR_MANAGE_INCOMING_PAYT_FILES_SRV,/sap/opu/odata/sap/FAR_MANAGE_INCOMING_PAYT_FILES_SRV
200,ZOCI_ITEM_PROPOSAL_SRV,/sap/opu/odata/sap/OCI_ITEM_PROPOSAL_SRV
200,ZMM_PUR_SCHEDG_AGRMT_SRV,/sap/opu/odata/sap/MM_PUR_SCHEDG_AGRMT_SRV
200,ZFCLM_CASH_CPLMGMT_MDL_SRV,/sap/opu/odata/sap/FCLM_CASH_CPLMGMT_MDL_SRV
200,ZFARP_VALUE_HELPS_SRV,/sap/opu/odata/sap/FARP_VALUE_HELPS_SRV
200,ZFAC_REVENUE_VARIANCE_SRV,/sap/opu/odata/sap/FAC_REVENUE_VARIANCE_SRV
200,ZFAR_CUST_BALANCE_SRV,/sap/opu/odata/sap/FAR_CUST_BALANCE_SRV
200,ZFCLM_BAM_ACCOUNTOV_SRV,/sap/opu/odata/sap/FCLM_BAM_ACCOUNTOV_SRV
200,ZFCLM_BAM_BANKGROUPOV_SRV,/sap/opu/odata/sap/FCLM_BAM_BANKGROUPOV_SRV
200,ZFCLM_BRM_BANKFEEOV_SRV,/sap/opu/odata/sap/FCLM_BRM_BANKFEEOV_SRV
200,ZFCLM_BAM_REQUESTOV_SRV,/sap/opu/odata/sap/FCLM_BAM_REQUESTOV_SRV
200,ZFCLM_BAM_REVISIONOV_SRV,/sap/opu/odata/sap/FCLM_BAM_REVISIONOV_SRV
200,ZMM_PUR_CATALOGITEMS_MNG_SRV,/sap/opu/odata/sap/MM_PUR_CATALOGITEMS_MNG_SRV
200,ZFCLM_CASH_RCF_SRV,/sap/opu/odata/sap/FCLM_CASH_RCF_SRV
200,ZFCLM_BAM_PAYMENTBYBANKACCOV_SRV,/sap/opu/odata/sap/FCLM_BAM_PAYMENTBYBANKACCOV_SRV
200,ZFCLM_CASH_CONCN_SRV,/sap/opu/odata/sap/FCLM_CASH_CONCN_SRV
200,ZC_CASHPOSITIONANALYTICS_CDS,/sap/opu/odata/sap/C_CASHPOSITIONANALYTICS_CDS
200,ZFAP_MANAGE_PAYMENT_MEDIA,/sap/opu/odata/sap/FAP_MANAGE_PAYMENT_MEDIA
200,ZC_BANKSTATEMENTMONITOR_CDS,/sap/opu/odata/sap/C_BANKSTATEMENTMONITOR_CDS
200,ZFCLM_BAM_SENTITEMS_SRV,/sap/opu/odata/sap/FCLM_BAM_SENTITEMS_SRV
200,ZFINS_TRR_QUICKCRTTMPADJ_SRV,/sap/opu/odata/sap/FINS_TRR_QUICKCRTTMPADJ_SRV
200,ZFCLM_BAM_MONIREVIEW_SRV,/sap/opu/odata/sap/FCLM_BAM_MONIREVIEW_SRV
200,ZFAR_CUSTOMER_LIST_V2,/sap/opu/odata/sap/FAR_CUSTOMER_LIST_V2
200,ZC_CASHPOSITIONANLYSWTHFLW_CDS,/sap/opu/odata/sap/C_CASHPOSITIONANLYSWTHFLW_CDS
200,ZUI_PROCESSRECEIVABLES_MAN,/sap/opu/odata/sap/UI_PROCESSRECEIVABLES_MAN
200,ZFCLM_CASH_RECNCLN_SRV,/sap/opu/odata/sap/FCLM_CASH_RECNCLN_SRV
200,ZFAC_GROSSMARGIN_SRV,/sap/opu/odata/sap/FAC_GROSSMARGIN_SRV
200,ZC_RESPYMGMTTEAMHIERARCHY_CDS,/sap/opu/odata/sap/C_RESPYMGMTTEAMHIERARCHY_CDS
200,ZMM_PUR_CPROC_ADMIN_MNTR_SRV,/sap/opu/odata/sap/MM_PUR_CPROC_ADMIN_MNTR_SRV
200,ZMM_PUR_PROCMT_HUB_ITF_MONITOR_SRV,/sap/opu/odata/sap/MM_PUR_PROCMT_HUB_ITF_MONITOR_SRV
200,ZFCLM_CASH_ALI_SRV,/sap/opu/odata/sap/FCLM_CASH_ALI_SRV
200,ZPLMI_REQ_ASSIGNMENT_SRV,/sap/opu/odata/sap/PLMI_REQ_ASSIGNMENT_SRV
200,ZCA_SIT_PUWB_SRV,/sap/opu/odata/sap/CA_SIT_PUWB_SRV
200,ZMM_PUR_CNTRLPROCMT_JOB_MNTR_SRV,/sap/opu/odata/sap/MM_PUR_CNTRLPROCMT_JOB_MNTR_SRV
200,ZC_BANKRISKANALYTICS_CDS,/sap/opu/odata/sap/C_BANKRISKANALYTICS_CDS
200,ZC_DEFICITCASHPOOLANALYTICS_CDS,/sap/opu/odata/sap/C_DEFICITCASHPOOLANALYTICS_CDS
200,ZC_PAYMENTSTATISTICS_CDS,/sap/opu/odata/sap/C_PAYMENTSTATISTICS_CDS
200,ZC_ACTUALCASHFLOWANALYTICS_CDS,/sap/opu/odata/sap/C_ACTUALCASHFLOWANALYTICS_CDS
200,ZC_LFCASTANALYTICS_CDS,/sap/opu/odata/sap/C_LFCASTANALYTICS_CDS
200,ZFAA_ASSET_OVERVIEWPAGE_SRV,/sap/opu/odata/sap/FAA_ASSET_OVERVIEWPAGE_SRV
200,ZCMD_QLTY_MANAGE_IMPORTS,/sap/opu/odata/sap/CMD_QLTY_MANAGE_IMPORTS
200,ZMDC_CUSTOM_OBJECT_SRV,/sap/opu/odata/sap/MDC_CUSTOM_OBJECT_SRV
200,ZFAC_EDITING_OPTIONS_SRV,/sap/opu/odata/sap/FAC_EDITING_OPTIONS_SRV
200,ZCV_DOCUMENT_MANAGE,/sap/opu/odata/sap/CV_DOCUMENT_MANAGE
200,ZFAA_ASSET_DEPRECIATION_LIST_SRV,/sap/opu/odata/sap/FAA_ASSET_DEPRECIATION_LIST_SRV
200,ZFCLM_BAM_ACCOUNTWD_SRV,/sap/opu/odata/sap/FCLM_BAM_ACCOUNTWD_SRV
200,ZMMPUR_PROC_CAT_MAINT_SRV,/sap/opu/odata/sap/MMPUR_PROC_CAT_MAINT_SRV
200,ZUSERDEFAULTS,/sap/opu/odata/sap/USERDEFAULTS
200,ZFAA_ASSET_TRANSACTIONS_SRV,/sap/opu/odata/sap/FAA_ASSET_TRANSACTIONS_SRV
200,ZMMPUR_REL_STRAT_CLASS_SRV,/sap/opu/odata/sap/MMPUR_REL_STRAT_CLASS_SRV
200,ZFAR_CUSTOMER_LINE_ITEMS,/sap/opu/odata/sap/FAR_CUSTOMER_LINE_ITEMS
200,ZSWF_FLEX_TEMPLATE_SRV,/sap/opu/odata/sap/SWF_FLEX_TEMPLATE_SRV
200,ZMM_PUR_REL_STRATEGY_SRV,/sap/opu/odata/sap/MM_PUR_REL_STRATEGY_SRV
200,ZFCO_SALES_ACCTG_OVERVIEW_SRV,/sap/opu/odata/sap/FCO_SALES_ACCTG_OVERVIEW_SRV
200,ZFCO_REVN_RECGN_INSPECTION_SRV,/sap/opu/odata/sap/FCO_REVN_RECGN_INSPECTION_SRV
200,ZFAC_CUSTOM_HIERARCHY_SRV,/sap/opu/odata/sap/FAC_CUSTOM_HIERARCHY_SRV
200,ZMM_PUR_MNTR_ANA_OPS_SRV,/sap/opu/odata/sap/MM_PUR_MNTR_ANA_OPS_SRV
200,ZFAP_MONPAYBATCHS_SRV,/sap/opu/odata/sap/FAP_MONPAYBATCHS_SRV
200,ZMM_PUR_MNTN_CRCY_EXCH_SRV,/sap/opu/odata/sap/MM_PUR_MNTN_CRCY_EXCH_SRV
200,ZFAR_MANAGE_PR_SRV,/sap/opu/odata/sap/FAR_MANAGE_PR_SRV
200,ZC_MONITORMISSINGEXCHRATE_CDS,/sap/opu/odata/sap/C_MONITORMISSINGEXCHRATE_CDS
200,ZMM_PUR_BE_SYS_CMPTBLTY_MONITOR_SRV,/sap/opu/odata/sap/MM_PUR_BE_SYS_CMPTBLTY_MONITOR_SRV
200,FTR_MATURITY_PROFILE_SRV,/sap/opu/odata/sap/FTR_MATURITY_PROFILE_SRV
200,ZMM_PUR_MANAGE_BUS_AUTOMN_RULES_SRV,/sap/opu/odata/sap/MM_PUR_MANAGE_BUS_AUTOMN_RULES_SRV
200,C_EVTBSDPRODNCOSTERROROVW_CDS,/sap/opu/odata/sap/C_EVTBSDPRODNCOSTERROROVW_CDS
200,ZMM_PUR_CTRITEMACCT_MNTR_SRV,/sap/opu/odata/sap/MM_PUR_CTRITEMACCT_MNTR_SRV
200,FCO_EBW_ORDER_INSPECTOR_SRV,/sap/opu/odata/sap/FCO_EBW_ORDER_INSPECTOR_SRV
200,C_EVTBSDMFGORDTOBEPOSTDOVW_CDS,/sap/opu/odata/sap/C_EVTBSDMFGORDTOBEPOSTDOVW_CDS
200,FCO_EB_PRODN_COST_ERROR_SRV,/sap/opu/odata/sap/FCO_EB_PRODN_COST_ERROR_SRV
200,C_FTR_CL_KEYDATE_UTIL_Q_CDS,/sap/opu/odata/sap/C_FTR_CL_KEYDATE_UTIL_Q_CDS
200,C_CASHPOSITIONOVERVIEW_CDS,/sap/opu/odata/sap/C_CASHPOSITIONOVERVIEW_CDS
500,C_LQDYFORECASTOVERVIEW_CDS,/sap/opu/odata/sap/C_LQDYFORECASTOVERVIEW_CDS
000,ZFAP_PROCESS_FF_PAYMENTS_SRV,/sap/opu/odata/sap/FAP_PROCESS_FF_PAYMENTS_SRV
200,FAC_MAINT_CHART_OF_ACCOUNTS_SRV,/sap/opu/odata/sap/FAC_MAINT_CHART_OF_ACCOUNTS_SRV
200,C_FXOPTIONNOMINAL_CDS,/sap/opu/odata/sap/C_FXOPTIONNOMINAL_CDS
200,C_FXFORWARDNOMINAL_CDS,/sap/opu/odata/sap/C_FXFORWARDNOMINAL_CDS
200,FXM_EXCHANGE_RATE_SRV,/sap/opu/odata/sap/FXM_EXCHANGE_RATE_SRV
200,C_NONDELIVERABLEFWDNOMINAL_CDS,/sap/opu/odata/sap/C_NONDELIVERABLEFWDNOMINAL_CDS
200,C_TREASURYFINANCIALSTATUS_CDS,/sap/opu/odata/sap/C_TREASURYFINANCIALSTATUS_CDS
200,C_REFINTERESTRATEHISTORY_CDS,/sap/opu/odata/sap/C_REFINTERESTRATEHISTORY_CDS
200,FTR_DEBTINVMT_INTEREST_SRV,/sap/opu/odata/sap/FTR_DEBTINVMT_INTEREST_SRV
200,C_DEBTINVESTMENTNOMINAL_CDS,/sap/opu/odata/sap/C_DEBTINVESTMENTNOMINAL_CDS
200,C_DEBTINVMTREFINTEREST_CDS,/sap/opu/odata/sap/C_DEBTINVMTREFINTEREST_CDS
200,C_REFINTERESTRATERANK_CDS,/sap/opu/odata/sap/C_REFINTERESTRATERANK_CDS
200,SLL_CTRLCL_MANAGE,/sap/opu/odata/sap/SLL_CTRLCL_MANAGE
200,ODATA_GRIR_ML_INFERE_SRV,/sap/opu/odata/sap/ODATA_GRIR_ML_INFERE_SRV
200,ODATA_GRIR_WRITEOFF_SRV,/sap/opu/odata/sap/ODATA_GRIR_WRITEOFF_SRV
200,FTR_YIELD_CURVE_RATE_SRV,/sap/opu/odata/sap/FTR_YIELD_CURVE_RATE_SRV
500,BSANLY_APF_RUNTIME_SRV,/sap/opu/odata/sap/BSANLY_APF_RUNTIME_SRV
200,C_FILTERFORCHMLINVTRYRPTG_CDS,/sap/opu/odata/sap/C_FILTERFORCHMLINVTRYRPTG_CDS
500,SLL_PROD_CMDTYCD_CLASSIFY,/sap/opu/odata/sap/SLL_PROD_CMDTYCD_CLASSIFY
500,SLL_PROD_CMDTYCD_RECLASSIFY,/sap/opu/odata/sap/SLL_PROD_CMDTYCD_RECLASSIFY
200,C_PROFITMARGINBYMONTHQUERY_CDS,/sap/opu/odata/sap/C_PROFITMARGINBYMONTHQUERY_CDS
200,C_CHEMICALAMOUNTSQUERY_CDS,/sap/opu/odata/sap/C_CHEMICALAMOUNTSQUERY_CDS
200,SD_OVP_SM,/sap/opu/odata/sap/SD_OVP_SM
200,SD_SALESPERF,/sap/opu/odata/sap/SD_SALESPERF
200,ZFCO_RUN_ALLOCATION_SRV,/sap/opu/odata/sap/FCO_RUN_ALLOCATION_SRV
200,UI_BSESNAPSHOT_PROCESS,/sap/opu/odata/sap/UI_BSESNAPSHOT_PROCESS
200,SD_SOFI,/sap/opu/odata/sap/SD_SOFI
200,SD_PREDICTEDDELIVERY,/sap/opu/odata/sap/SD_PREDICTEDDELIVERY
200,MM_PUR_PR_PROCESS_SRV,/sap/opu/odata/sap/MM_PUR_PR_PROCESS_SRV
200,FAC_GRIR_RECONCILIATION_SRV,/sap/opu/odata/sap/FAC_GRIR_RECONCILIATION_SRV
200,ZMD_BUSINESSPARTNER_SRV,/sap/opu/odata/sap/MD_BUSINESSPARTNER_SRV
000,ZFCO_MANAGE_ALLOCATION_SRV,/sap/opu/odata/sap/FCO_MANAGE_ALLOCATION_SRV
200,MM_PUR_PR_PROFNL_MAINTAIN_SRV,/sap/opu/odata/sap/MM_PUR_PR_PROFNL_MAINTAIN_SRV
200,MM_PUR_POITEMS_MONI_SRV,/sap/opu/odata/sap/MM_PUR_POITEMS_MONI_SRV
200,MM_PUR_PRITEM_MNTR_SRV,/sap/opu/odata/sap/MM_PUR_PRITEM_MNTR_SRV
200,C_NONMNGDPURGSPEND_CDS,/sap/opu/odata/sap/C_NONMNGDPURGSPEND_CDS
200,C_PURGSPENDOFFCONTRACT_CDS,/sap/opu/odata/sap/C_PURGSPENDOFFCONTRACT_CDS
200,C_REQUISITIONNOTOUCHRATE_CDS,/sap/opu/odata/sap/C_REQUISITIONNOTOUCHRATE_CDS
200,MMPUR_ANA_CNTRL_CTR_MNTR_SRV,/sap/opu/odata/sap/MMPUR_ANA_CNTRL_CTR_MNTR_SRV
200,MM_PRC_OVP,/sap/opu/odata/sap/MM_PRC_OVP
200,ZFAP_OUTGOING_CHECKS_SRV,/sap/opu/odata/sap/FAP_OUTGOING_CHECKS_SRV
200,ZFAP_CHECK_BOOKS_SRV,/sap/opu/odata/sap/FAP_CHECK_BOOKS_SRV
200,MM_PUR_RFQ_MAINTAIN_SRV,/sap/opu/odata/sap/MM_PUR_RFQ_MAINTAIN_SRV
200,MM_PUR_OA_MAINTAIN_SRV,/sap/opu/odata/sap/MM_PUR_OA_MAINTAIN_SRV
200,ZC_APDAYSPYBLOUTSTDGINDRCT_CDS,/sap/opu/odata/sap/C_APDAYSPYBLOUTSTDGINDRCT_CDS
200,ZC_APDAYSPYBLOUTSTDGDIRECT_CDS,/sap/opu/odata/sap/C_APDAYSPYBLOUTSTDGDIRECT_CDS
200,ZFAR_INSPECT_ITEMS_CHNGLOG_SRV,/sap/opu/odata/sap/FAR_INSPECT_ITEMS_CHNGLOG_SRV
200,ZFAP_APOVERVIEWPAGE_SRV,/sap/opu/odata/sap/FAP_APOVERVIEWPAGE_SRV
200,ZC_APFUTUREACCOUNTSPAYABLE_CDS,/sap/opu/odata/sap/C_APFUTUREACCOUNTSPAYABLE_CDS
200,ZC_APDAYSPAYOUTST_CDS,/sap/opu/odata/sap/C_APDAYSPAYOUTST_CDS
200,ZC_APVENDOROPENITEMS_CDS,/sap/opu/odata/sap/C_APVENDOROPENITEMS_CDS
200,ZC_APMANUALPAYMENTS_CDS,/sap/opu/odata/sap/C_APMANUALPAYMENTS_CDS
200,MM_PUR_PO_MAINT_V2_SRV,/sap/opu/odata/sap/MM_PUR_PO_MAINT_V2_SRV
200,ZC_APCASHDISCOUNTFORECAST_CDS,/sap/opu/odata/sap/C_APCASHDISCOUNTFORECAST_CDS
200,ZC_APCSHDISCUTILIZATION_CDS,/sap/opu/odata/sap/C_APCSHDISCUTILIZATION_CDS
200,ZSD_MCC_DOC_CAT_AUTH_SRV,/sap/opu/odata/sap/SD_MCC_DOC_CAT_AUTH_SRV
200,ZC_APINVOICEPROCESSINGTIME_CDS,/sap/opu/odata/sap/C_APINVOICEPROCESSINGTIME_CDS
200,ZC_APINVOICEPROCGANALYSIS_CDS,/sap/opu/odata/sap/C_APINVOICEPROCGANALYSIS_CDS
200,ZSD_F1852_QUOT_WL_SRV,/sap/opu/odata/sap/SD_F1852_QUOT_WL_SRV
000,UI_CRDTMGMTACCOUNT_MANAGE,/sap/opu/odata/sap/UI_CRDTMGMTACCOUNT_MANAGE
200,MM_PUR_CTRITEM_MNTR_SRV_01,/sap/opu/odata/sap/MM_PUR_CTRITEM_MNTR_SRV_01
500,SD_F3014_CMR_WORKFLOW_SRV,/sap/opu/odata/sap/SD_F3014_CMR_WORKFLOW_SRV
200,MM_PUR_RFQITEM_MNTR_SRV,/sap/opu/odata/sap/MM_PUR_RFQITEM_MNTR_SRV
200,SD_F3014_SALESORDER_WORKFLOW_SRV,/sap/opu/odata/sap/SD_F3014_SALESORDER_WORKFLOW_SRV
200,SD_F2370_INQY_WL_SRV,/sap/opu/odata/sap/SD_F2370_INQY_WL_SRV
200,C_SALESANALYTICSQRY_1_CDS,/sap/opu/odata/sap/C_SALESANALYTICSQRY_1_CDS
200,LORD_ODATA_ORDER_SRV,/sap/opu/odata/sap/LORD_ODATA_ORDER_SRV
200,SD_SOFM_CREDIT_BLOCK_SRV,/sap/opu/odata/sap/SD_SOFM_CREDIT_BLOCK_SRV
200,ZFIN_ACCOUNTING_IMPACT_SRV,/sap/opu/odata/sap/FIN_ACCOUNTING_IMPACT_SRV
200,SD_SOFM_DELIVERY_SRV_01,/sap/opu/odata/sap/SD_SOFM_DELIVERY_SRV_01
200,SD_SOFM_INVOICE_SRV,/sap/opu/odata/sap/SD_SOFM_INVOICE_SRV
200,SD_SOFM_SRV,/sap/opu/odata/sap/SD_SOFM_SRV
200,SD_F1873_SO_WL_SRV,/sap/opu/odata/sap/SD_F1873_SO_WL_SRV
200,S_MMPURWORKFLOWVH_CDS,/sap/opu/odata/sap/S_MMPURWORKFLOWVH_CDS
200,MM_PUR_CNTRL_POI_MNTR_SRV,/sap/opu/odata/sap/MM_PUR_CNTRL_POI_MNTR_SRV
200,C_SUPPLIEREVALOVERALLQRY_CDS,/sap/opu/odata/sap/C_SUPPLIEREVALOVERALLQRY_CDS
200,MM_PUR_SUPLRCONF_MNTR_SRV,/sap/opu/odata/sap/MM_PUR_SUPLRCONF_MNTR_SRV
200,FXM_BAL_EXP_SRV,/sap/opu/odata/sap/FXM_BAL_EXP_SRV
200,ZSD_QTAN_PROCFLOW_SRV,/sap/opu/odata/sap/SD_QTAN_PROCFLOW_SRV
200,MM_PUR_CNTRL_PR_MNTR_SRV,/sap/opu/odata/sap/MM_PUR_CNTRL_PR_MNTR_SRV
200,MM_PUR_CNTRL_PO_MAINTAIN_SRV,/sap/opu/odata/sap/MM_PUR_CNTRL_PO_MAINTAIN_SRV
200,C_SALESVOLUMEANALYTICSQRY_CDS,/sap/opu/odata/sap/C_SALESVOLUMEANALYTICSQRY_CDS
200,C_SLSORDCONFANLYTSQRY_CDS,/sap/opu/odata/sap/C_SLSORDCONFANLYTSQRY_CDS
200,ZUI_SLSDOCMASSCHANGEREQUEST,/sap/opu/odata/sap/UI_SLSDOCMASSCHANGEREQUEST
200,FCO_RTOHC_OBJECT_REPROCESS_SRV,/sap/opu/odata/sap/FCO_RTOHC_OBJECT_REPROCESS_SRV
200,C_SALESVOLUMEBYYEARQUERY_CDS,/sap/opu/odata/sap/C_SALESVOLUMEBYYEARQUERY_CDS
200,C_SLSORDDELIVPERFANLYTSQRY_CDS,/sap/opu/odata/sap/C_SLSORDDELIVPERFANLYTSQRY_CDS
200,C_SALESCONTRACTITMFLFMTQ_CDS,/sap/opu/odata/sap/C_SALESCONTRACTITMFLFMTQ_CDS
200,C_APPROVEDCHEMICALSQ_CDS,/sap/opu/odata/sap/C_APPROVEDCHEMICALSQ_CDS
200,C_CHEMICALRISKREPORTQ_CDS,/sap/opu/odata/sap/C_CHEMICALRISKREPORTQ_CDS
200,C_SLSQTANCONVERSIONRATEQ_CDS,/sap/opu/odata/sap/C_SLSQTANCONVERSIONRATEQ_CDS
200,EHFND_FIORI_TILE_SRV,/sap/opu/odata/sap/EHFND_FIORI_TILE_SRV
200,C_MYCHEMICALAPPROVALSQ_CDS,/sap/opu/odata/sap/C_MYCHEMICALAPPROVALSQ_CDS
200,C_INTRSTRATESWAPNOMINAL_CDS,/sap/opu/odata/sap/C_INTRSTRATESWAPNOMINAL_CDS
000,RSH_EAM_ANALYZE_SRV,/sap/opu/odata/sap/RSH_EAM_ANALYZE_SRV
200,SD_F2430_INCOMP_SRV,/sap/opu/odata/sap/SD_F2430_INCOMP_SRV
200,C_STOCKQUANTITYVALUEBYTYPE_CDS,/sap/opu/odata/sap/C_STOCKQUANTITYVALUEBYTYPE_CDS
200,MM_PUR_SCHAGMT_MNTR,/sap/opu/odata/sap/MM_PUR_SCHAGMT_MNTR
200,MMIM_MULTIPLE_MATERIAL_SRV,/sap/opu/odata/sap/MMIM_MULTIPLE_MATERIAL_SRV
200,MM_PUR_SUBCONTRACTING_COCKPIT_SRV,/sap/opu/odata/sap/MM_PUR_SUBCONTRACTING_COCKPIT_SRV
200,C_GDSMVTTHROUGHPUTQUERY_CDS,/sap/opu/odata/sap/C_GDSMVTTHROUGHPUTQUERY_CDS
200,MMIM_OVERDUE_GRBLOCKED_SRV,/sap/opu/odata/sap/MMIM_OVERDUE_GRBLOCKED_SRV
200,MM_IM_MANAGER_OVP_FILTER_SRV,/sap/opu/odata/sap/MM_IM_MANAGER_OVP_FILTER_SRV
200,MMIM_MATERIAL_OVERDUE_SIT_SRV,/sap/opu/odata/sap/MMIM_MATERIAL_OVERDUE_SIT_SRV
000,MM_PUR_CNTRL_CTR_MAINTAIN_SRV,/sap/opu/odata/sap/MM_PUR_CNTRL_CTR_MAINTAIN_SRV
200,MM_IM_PHYS_INV_DOC_SRV,/sap/opu/odata/sap/MM_IM_PHYS_INV_DOC_SRV
500,LE_SHP_OD_CREATE_SRV,/sap/opu/odata/sap/LE_SHP_OD_CREATE_SRV
200,MMIM_MATDOC_OV_SRV,/sap/opu/odata/sap/MMIM_MATDOC_OV_SRV
200,MM_PUR_QTN_MAINTAIN_SRV,/sap/opu/odata/sap/MM_PUR_QTN_MAINTAIN_SRV
500,LE_SHP_OUTBOUND_DELIVERY_FS,/sap/opu/odata/sap/LE_SHP_OUTBOUND_DELIVERY_FS
500,LE_SHP_INBOUND_DELIVERY_OBJPG_SRV,/sap/opu/odata/sap/LE_SHP_INBOUND_DELIVERY_OBJPG_SRV
200,MM_IM_INV_TURNOVR_ANLYS_SRV,/sap/opu/odata/sap/MM_IM_INV_TURNOVR_ANLYS_SRV
200,MMIM_MATERIAL_DATA_SRV,/sap/opu/odata/sap/MMIM_MATERIAL_DATA_SRV
500,MM_SUPPLIER_INVOICE_MANAGE,/sap/opu/odata/sap/MM_SUPPLIER_INVOICE_MANAGE
200,MMIM_GR4PO_DL_SRV,/sap/opu/odata/sap/MMIM_GR4PO_DL_SRV
200,LO_BM_BATCH_SRV,/sap/opu/odata/sap/LO_BM_BATCH_SRV
200,MM_PUR_INFO_RECORDS_MANAGE_SRV,/sap/opu/odata/sap/MM_PUR_INFO_RECORDS_MANAGE_SRV
200,FCLM_CP_TRACK_SRV,/sap/opu/odata/sap/FCLM_CP_TRACK_SRV
200,UDMO_COLLECTION_WORKLIST,/sap/opu/odata/sap/UDMO_COLLECTION_WORKLIST
200,SD_F2713_SOCUSTEXPDPRICE_SRV,/sap/opu/odata/sap/SD_F2713_SOCUSTEXPDPRICE_SRV
200,UI_RESERVATION_ITM_MNG_V2,/sap/opu/odata/sap/UI_RESERVATION_ITM_MNG_V2
500,SLL_PROD_LEGCTRL_CLASSIFY,/sap/opu/odata/sap/SLL_PROD_LEGCTRL_CLASSIFY
200,MM_SUPPLIER_INVOICE_LIST_ENH_SRV,/sap/opu/odata/sap/MM_SUPPLIER_INVOICE_LIST_ENH_SRV
200,C_PURCHASEORDER_FS_SRV,/sap/opu/odata/sap/C_PURCHASEORDER_FS_SRV
500,MM_PUR_REQUIREMENT_TRACKING_SRV,/sap/opu/odata/sap/MM_PUR_REQUIREMENT_TRACKING_SRV
200,LE_SHP_OD_LIST_SRV,/sap/opu/odata/sap/LE_SHP_OD_LIST_SRV
500,LE_SHP_OD_LOGS_SRV,/sap/opu/odata/sap/LE_SHP_OD_LOGS_SRV
500,LE_SHP_DELIVERY_PICK,/sap/opu/odata/sap/LE_SHP_DELIVERY_PICK
500,UI_SRCGPROJQTN_MANAGE,/sap/opu/odata/sap/UI_SRCGPROJQTN_MANAGE
200,MM_SUPPLIER_INVOICE_LIST_ACC_SRV,/sap/opu/odata/sap/MM_SUPPLIER_INVOICE_LIST_ACC_SRV
200,UI_RESERVATION_HDR_MNG_V2,/sap/opu/odata/sap/UI_RESERVATION_HDR_MNG_V2
500,ZZSALES_SRV,/sap/opu/odata/sap/ZZSALES_SRV
500,ZZSALES1_SRV,/sap/opu/odata/sap/ZZSALES1_SRV
200,EHHSS_HSM_HSI_SRV,/sap/opu/odata/sap/EHHSS_HSM_HSI_SRV
200,MM_PUR_REQ_EXT_MANAGE_SRV,/sap/opu/odata/sap/MM_PUR_REQ_EXT_MANAGE_SRV
200,FCO_MANAGE_COST_CENTERS_SRV,/sap/opu/odata/sap/FCO_MANAGE_COST_CENTERS_SRV
200,MPE_MANAGE_PRODUCTION_HOLD_SRV,/sap/opu/odata/sap/MPE_MANAGE_PRODUCTION_HOLD_SRV
200,FCO_COST_CENTER_BUDGET_SRV,/sap/opu/odata/sap/FCO_COST_CENTER_BUDGET_SRV
200,MD_CUSTOMER_MASTER_SRV_01,/sap/opu/odata/sap/MD_CUSTOMER_MASTER_SRV_01
200,LCM_LEGALTR_MANAGE,/sap/opu/odata/sap/LCM_LEGALTR_MANAGE
200,ODATA_BUDGET_TRANSFER_MANAGE_SRV,/sap/opu/odata/sap/ODATA_BUDGET_TRANSFER_MANAGE_SRV
200,EAM_OBJPG_MAINTNOTIFICATION_SRV,/sap/opu/odata/sap/EAM_OBJPG_MAINTNOTIFICATION_SRV
200,EAM_OBJPG_TECHNICALOBJECT_SRV,/sap/opu/odata/sap/EAM_OBJPG_TECHNICALOBJECT_SRV
200,EAM_OBJPG_ORDERCONFIRMATION_SRV,/sap/opu/odata/sap/EAM_OBJPG_ORDERCONFIRMATION_SRV
200,EAM_OBJPG_MAINTORDANDOPER_SRV,/sap/opu/odata/sap/EAM_OBJPG_MAINTORDANDOPER_SRV
500,C_MAINTOBJBREAKDOWNQUERY_CDS,/sap/opu/odata/sap/C_MAINTOBJBREAKDOWNQUERY_CDS
500,EAM_ORDER_ACTUALCOST_MONITOR,/sap/opu/odata/sap/EAM_ORDER_ACTUALCOST_MONITOR
200,UI_MAINTORD_PLNACTCOST,/sap/opu/odata/sap/UI_MAINTORD_PLNACTCOST
200,EAM_MALFUNCTION_MANAGE,/sap/opu/odata/sap/EAM_MALFUNCTION_MANAGE
200,EAM_OBJPG_MAINTENANCEORDER_SRV,/sap/opu/odata/sap/EAM_OBJPG_MAINTENANCEORDER_SRV
200,CPD_MASTERPROJECT_OVERVIEW_SRV,/sap/opu/odata/sap/CPD_MASTERPROJECT_OVERVIEW_SRV
200,DFS_MAINT_ORDANDOPERATION_SRV,/sap/opu/odata/sap/DFS_MAINT_ORDANDOPERATION_SRV
200,DFS_MAINT_ORDER_SRV,/sap/opu/odata/sap/DFS_MAINT_ORDER_SRV
200,DFS_MAINT_TECHNICALOBJECT_SRV,/sap/opu/odata/sap/DFS_MAINT_TECHNICALOBJECT_SRV
200,APS_CUSTOM_FIELD_MAINTENANCE_SRV,/sap/opu/odata/sap/APS_CUSTOM_FIELD_MAINTENANCE_SRV
200,APS_DATA_SOURCE_EXTENSION_SRV,/sap/opu/odata/sap/APS_DATA_SOURCE_EXTENSION_SRV
200,MMPUR_REQ_SSP_MAINTAIN_SRV,/sap/opu/odata/sap/MMPUR_REQ_SSP_MAINTAIN_SRV
500,SBLE_BADI_CTX_REGISTRY_SRV,/sap/opu/odata/sap/SBLE_BADI_CTX_REGISTRY_SRV
500,SD_CUSTRET_WORKFLOW_SRV,/sap/opu/odata/sap/SD_CUSTRET_WORKFLOW_SRV
500,SD_SLSORDWTHOUTCHRG_WORKFLOW_SRV,/sap/opu/odata/sap/SD_SLSORDWTHOUTCHRG_WORKFLOW_SRV
500,SD_DEBITMEMOREQ_WORKFLOW_SRV,/sap/opu/odata/sap/SD_DEBITMEMOREQ_WORKFLOW_SRV
200,C_SALESDOCUMENTWORKFLOWVH_CDS,/sap/opu/odata/sap/C_SALESDOCUMENTWORKFLOWVH_CDS
200,C_SALESQUOTATIONWORKFLOWVH_CDS,/sap/opu/odata/sap/C_SALESQUOTATIONWORKFLOWVH_CDS
200,APS_EXT_DEP_INVENTORY_SRV,/sap/opu/odata/sap/APS_EXT_DEP_INVENTORY_SRV
500,ZVKR_PO_SRV,/sap/opu/odata/sap/ZVKR_PO_SRV
200,SD_SALESCONTRACT_WORKFLOW,/sap/opu/odata/sap/SD_SALESCONTRACT_WORKFLOW
200,SD_F2200_OVP_ISR_SRV,/sap/opu/odata/sap/SD_F2200_OVP_ISR_SRV
500,C_BILLGPROCDOCWORKFLOWVH_CDS,/sap/opu/odata/sap/C_BILLGPROCDOCWORKFLOWVH_CDS
200,SD_PRE_BIL_DOC_MANAGE,/sap/opu/odata/sap/SD_PRE_BIL_DOC_MANAGE
200,SD_CUSTOMER360_OVP,/sap/opu/odata/sap/SD_CUSTOMER360_OVP
500,API_SALES_ORDER_SRV,/sap/opu/odata/sap/API_SALES_ORDER_SRV
500,API_SALES_QUOTATION_SRV,/sap/opu/odata/sap/API_SALES_QUOTATION_SRV
200,APS_OM_EMAIL_TMPL_SRV,/sap/opu/odata/sap/APS_OM_EMAIL_TMPL_SRV
000,UI_SOURCINGPROJECT_MANAGE,/sap/opu/odata/sap/UI_SOURCINGPROJECT_MANAGE
200,FAC_GL_JOURNALENTRY_VER_SRV,/sap/opu/odata/sap/FAC_GL_JOURNALENTRY_VER_SRV
200,DFS_MAINT_NOTIFICATION_SRV,/sap/opu/odata/sap/DFS_MAINT_NOTIFICATION_SRV
200,EAM_ORDER_MONITOR,/sap/opu/odata/sap/EAM_ORDER_MONITOR
200,EAM_MAINT_PLANNER_OVERVIEW_SRV,/sap/opu/odata/sap/EAM_MAINT_PLANNER_OVERVIEW_SRV
200,EAM_NTF_CREATE,/sap/opu/odata/sap/EAM_NTF_CREATE
200,API_MAINTORDERCONFIRMATION,/sap/opu/odata/sap/API_MAINTORDERCONFIRMATION
000,MD_C_PRODUCT_MAINTAIN_SRV,/sap/opu/odata/sap/MD_C_PRODUCT_MAINTAIN_SRV
000,UI_MAINTWORKREQUESTOVW_V2,/sap/opu/odata/sap/UI_MAINTWORKREQUESTOVW_V2
200,EAM_OBJPG_TASKLIST_SRV,/sap/opu/odata/sap/EAM_OBJPG_TASKLIST_SRV
500,EAM_PLNGBUCKET_MANAGE,/sap/opu/odata/sap/EAM_PLNGBUCKET_MANAGE
500,EAM_OBJPG_PURCH_SRV,/sap/opu/odata/sap/EAM_OBJPG_PURCH_SRV
200,API_MAINTNOTIFICATION,/sap/opu/odata/sap/API_MAINTNOTIFICATION
500,EAM_ORD_MASS_CONFIRMATION_SRV,/sap/opu/odata/sap/EAM_ORD_MASS_CONFIRMATION_SRV
500,EAM_BACKLOG_MANAGE,/sap/opu/odata/sap/EAM_BACKLOG_MANAGE
200,MM_PUR_CRFQ_MAINTAIN_SRV,/sap/opu/odata/sap/MM_PUR_CRFQ_MAINTAIN_SRV
200,SD_SOFA,/sap/opu/odata/sap/SD_SOFA
500,UI_SRCGPROJNEGTTN_MANAGE,/sap/opu/odata/sap/UI_SRCGPROJNEGTTN_MANAGE
200,ZFCO_MU_SRV,/sap/opu/odata/sap/FCO_MU_SRV
200,ZFCO_MS_SPEND_SRV,/sap/opu/odata/sap/FCO_MS_SPEND_SRV
200,ZFCO_CORE_SRV,/sap/opu/odata/sap/FCO_CORE_SRV
000,UI_MAINTWRKREQ_ORD_MANAGE,/sap/opu/odata/sap/UI_MAINTWRKREQ_ORD_MANAGE
000,UI_MAINTJOBPCKGBUILD_MNG,/sap/opu/odata/sap/UI_MAINTJOBPCKGBUILD_MNG
200,ZLO_GST_INB_INV_CREATE_SRV,/sap/opu/odata/sap/LO_GST_INB_INV_CREATE_SRV
200,ZFAP_REVISE_PAYMENT_PROPOSAL,/sap/opu/odata/sap/FAP_REVISE_PAYMENT_PROPOSAL
200,ZSD_F1708_CRT_WL_SRV,/sap/opu/odata/sap/SD_F1708_CRT_WL_SRV
200,ZPP_MRP_COCKPIT_SRV,/sap/opu/odata/sap/PP_MRP_COCKPIT_SRV
200,ZLO_SETMAN_CCCUST_MAN,/sap/opu/odata/sap/LO_SETMAN_CCCUST_MAN
200,EAM_OBJPG_MAINTPLAN_SRV,/sap/opu/odata/sap/EAM_OBJPG_MAINTPLAN_SRV
200,ZC_MNTRDOCWTHGRIRFLAGNOTSET_CDS,/sap/opu/odata/sap/C_MNTRDOCWTHGRIRFLAGNOTSET_CDS
200,ZLO_SETMAN_CCSUPL_MAN,/sap/opu/odata/sap/LO_SETMAN_CCSUPL_MAN
200,ZPP_DD_REPLENISHMENT_SRV,/sap/opu/odata/sap/PP_DD_REPLENISHMENT_SRV
200,RSH_EAM_MAINT_SCHED_SIMULATION_SRV,/sap/opu/odata/sap/RSH_EAM_MAINT_SCHED_SIMULATION_SRV
200,ZO2C_FICA_MYWORKLIST,/sap/opu/odata/sap/O2C_FICA_MYWORKLIST
000,UI_MAINTENANCEITEM,/sap/opu/odata/sap/UI_MAINTENANCEITEM
200,ZFCO_WORKCENTER_COST_SRV,/sap/opu/odata/sap/FCO_WORKCENTER_COST_SRV
200,ZUI_RFM_MONITOR_ASM_ERRORS,/sap/opu/odata/sap/UI_RFM_MONITOR_ASM_ERRORS
200,ZFCO_VIA_AAR_OVERVIEW_V2_SRV,/sap/opu/odata/sap/FCO_VIA_AAR_OVERVIEW_V2_SRV
200,ZFCO_PRODUCTION_COST_ANALYSIS_SRV,/sap/opu/odata/sap/FCO_PRODUCTION_COST_ANALYSIS_SRV
200,ZFCO_VIA_AAR_OVERVIEW_SRV,/sap/opu/odata/sap/FCO_VIA_AAR_OVERVIEW_SRV
200,ZUI_CFINPNDGTRANSACT_F5482,/sap/opu/odata/sap/UI_CFINPNDGTRANSACT_F5482
200,ZAPI_DISPUTECASEASCOORDTR,/sap/opu/odata/sap/API_DISPUTECASEASCOORDTR
200,ZAPI_DISPUTECASEASPROCESSOR,/sap/opu/odata/sap/API_DISPUTECASEASPROCESSOR
200,ZAPI_DISPUTECASEASPERSNRESP,/sap/opu/odata/sap/API_DISPUTECASEASPERSNRESP
200,ZFCO_REALTIME_PROD_COSTS_SRV,/sap/opu/odata/sap/FCO_REALTIME_PROD_COSTS_SRV
000,UI_MAINTENANCEJOB_MANAGE,/sap/opu/odata/sap/UI_MAINTENANCEJOB_MANAGE
200,ZPP_DD_STLM_SRV,/sap/opu/odata/sap/PP_DD_STLM_SRV
000,UI_MAINTENANCE_PLAN,/sap/opu/odata/sap/UI_MAINTENANCE_PLAN
200,ZMPEGOODSMOVEMENTEXCEPTION_SRV,/sap/opu/odata/sap/MPEGOODSMOVEMENTEXCEPTION_SRV
200,ZSRF_REPORTING_TASK,/sap/opu/odata/sap/SRF_REPORTING_TASK
200,ZO2C_FICA_WRITEOFF_ANALYSIS_SRV,/sap/opu/odata/sap/O2C_FICA_WRITEOFF_ANALYSIS_SRV
200,ZO2C_FICA_OVERDUEITEM_ANALYSIS,/sap/opu/odata/sap/O2C_FICA_OVERDUEITEM_ANALYSIS
200,ZO2C_FICA_POSTINGLOCK_ANALYSIS,/sap/opu/odata/sap/O2C_FICA_POSTINGLOCK_ANALYSIS
200,ZO2C_FICA_ANALYZE_RETURNS_SRV,/sap/opu/odata/sap/O2C_FICA_ANALYZE_RETURNS_SRV
200,ZO2C_FICA_LOCK_ANALYSIS_SRV,/sap/opu/odata/sap/O2C_FICA_LOCK_ANALYSIS_SRV
200,ZO2C_FICA_DUNNINGRUN_EXCEPTION_SRV,/sap/opu/odata/sap/O2C_FICA_DUNNINGRUN_EXCEPTION_SRV
200,ZO2C_FICA_DUNNING_SUCCESS,/sap/opu/odata/sap/O2C_FICA_DUNNING_SUCCESS
200,ZO2C_FICA_CREDITITEM_ANALYSIS_SRV,/sap/opu/odata/sap/O2C_FICA_CREDITITEM_ANALYSIS_SRV
200,ZO2C_FICA_DUNNING_VOLUME,/sap/opu/odata/sap/O2C_FICA_DUNNING_VOLUME
200,ZO2C_FICA_PAYMENTRUN_SRV,/sap/opu/odata/sap/O2C_FICA_PAYMENTRUN_SRV
200,ZO2C_FICA_INSTPLAN_SRV,/sap/opu/odata/sap/O2C_FICA_INSTPLAN_SRV
200,ZPPH_MRP_MASTER_DATA_ISSUE_SRV,/sap/opu/odata/sap/PPH_MRP_MASTER_DATA_ISSUE_SRV
200,ZO2C_FICA_EXTCOLLVOLUME_SRV,/sap/opu/odata/sap/O2C_FICA_EXTCOLLVOLUME_SRV
200,ZPP_CFS_CAPEVAL_SRV,/sap/opu/odata/sap/PP_CFS_CAPEVAL_SRV
200,ZEHS_CI_CRV_ACTIVATION_SRV,/sap/opu/odata/sap/EHS_CI_CRV_ACTIVATION_SRV
200,ZC_SUPPLIERACTIVITYTASKPROCESS_SRV,/sap/opu/odata/sap/C_SUPPLIERACTIVITYTASKPROCESS_SRV
000,ZTRV_UI_SB_MTR_MANAGE,/sap/opu/odata/sap/TRV_UI_SB_MTR_MANAGE
000,ZUI_TRAVELEXPENSEMANAGEV2,/sap/opu/odata/sap/UI_TRAVELEXPENSEMANAGEV2
200,ZC_SUPPLIERACTIVITY_FS_SRV,/sap/opu/odata/sap/C_SUPPLIERACTIVITY_FS_SRV
200,ZSD_F1851_CONTR_WL_SRV,/sap/opu/odata/sap/SD_F1851_CONTR_WL_SRV
200,ZLO_EXCISE_INVOICE_CREATE_SRV_01,/sap/opu/odata/sap/LO_EXCISE_INVOICE_CREATE_SRV_01
200,ZLO_EXCISE_INVOICE_MANAGE_SRV,/sap/opu/odata/sap/LO_EXCISE_INVOICE_MANAGE_SRV
200,ZSD_F2305_SOWOC_WL_SRV,/sap/opu/odata/sap/SD_F2305_SOWOC_WL_SRV
200,ZSD_F1989_CMR_WL_SRV,/sap/opu/odata/sap/SD_F1989_CMR_WL_SRV
200,ZFML_ESTDCOSTRUN_MANAGE_SRV,/sap/opu/odata/sap/FML_ESTDCOSTRUN_MANAGE_SRV
200,ZSD_F1988_DMR_WL_SRV,/sap/opu/odata/sap/SD_F1988_DMR_WL_SRV
200,ZSD_CUSTOMER_INVOICES_CREATE,/sap/opu/odata/sap/SD_CUSTOMER_INVOICES_CREATE
200,ZC_ENGRECORDHEADER_CDS,/sap/opu/odata/sap/C_ENGRECORDHEADER_CDS
000,ZFAC_RECURRING_ACCOUNTING_DOC_SRV,/sap/opu/odata/sap/FAC_RECURRING_ACCOUNTING_DOC_SRV
200,ZFTR_ALERTS_SRV,/sap/opu/odata/sap/FTR_ALERTS_SRV
200,ZSD_F3245_SDOC_DUPLICATE_SRV,/sap/opu/odata/sap/SD_F3245_SDOC_DUPLICATE_SRV
200,ZC_SITNMYSITUATION_CDS,/sap/opu/odata/sap/C_SITNMYSITUATION_CDS
000,ZFAP_MANUAL_CLEARING_SRV,/sap/opu/odata/sap/FAP_MANUAL_CLEARING_SRV
200,ZLO_GST_SUBCONCHLN_COCKPIT_SRV,/sap/opu/odata/sap/LO_GST_SUBCONCHLN_COCKPIT_SRV
200,ZSD_SALESSCHEDGAGRMT_WL,/sap/opu/odata/sap/SD_SALESSCHEDGAGRMT_WL
200,ZEHHSS_HSM_SRC_SRV,/sap/opu/odata/sap/EHHSS_HSM_SRC_SRV
200,ZC_CUSTOMER_OP_SRV,/sap/opu/odata/sap/C_CUSTOMER_OP_SRV
200,ZEHHSS_HSM_SI_EQUIP_SRV,/sap/opu/odata/sap/EHHSS_HSM_SI_EQUIP_SRV
200,ZEHHSS_HSM_SI_GNRC_SRV,/sap/opu/odata/sap/EHHSS_HSM_SI_GNRC_SRV
200,ZVDM_CDSVIEW_BROWSER,/sap/opu/odata/sap/VDM_CDSVIEW_BROWSER
200,ZEHHSS_HSM_SI_SRV,/sap/opu/odata/sap/EHHSS_HSM_SI_SRV
200,ZATP_RELEASE_FOR_DELIVERY,/sap/opu/odata/sap/ATP_RELEASE_FOR_DELIVERY
200,ZFAC_RVW_APPRV_ACCRUALS_SRV,/sap/opu/odata/sap/FAC_RVW_APPRV_ACCRUALS_SRV
200,ZMMIM_GR_CANCELLATION_SRV,/sap/opu/odata/sap/MMIM_GR_CANCELLATION_SRV
200,ZMMIM_MATDOC_SRV,/sap/opu/odata/sap/MMIM_MATDOC_SRV
200,ZFAP_SCHEDULE_PAYMENT_PROPOSAL,/sap/opu/odata/sap/FAP_SCHEDULE_PAYMENT_PROPOSAL
200,ZMM_SUPPLIER_INV_SITUATION_PAGE_SRV,/sap/opu/odata/sap/MM_SUPPLIER_INV_SITUATION_PAGE_SRV
200,ZC_SUPLREVALRESPST_CDS,/sap/opu/odata/sap/C_SUPLREVALRESPST_CDS
200,ZFITAXCN_INVC_BND_SRV,/sap/opu/odata/sap/FITAXCN_INVC_BND_SRV
200,ZC_PURCHASINGCAT_FS_SRV,/sap/opu/odata/sap/C_PURCHASINGCAT_FS_SRV
200,ZC_SUPPLIER_FS_SRV,/sap/opu/odata/sap/C_SUPPLIER_FS_SRV
200,ZPPH_MRP_PERF_LOG_SRV,/sap/opu/odata/sap/PPH_MRP_PERF_LOG_SRV
200,ZFAC_MANAGE_GLACCOUNT_SRV,/sap/opu/odata/sap/FAC_MANAGE_GLACCOUNT_SRV;v=0002
200,ZC_PURGINFORECORD_FS_SRV,/sap/opu/odata/sap/C_PURGINFORECORD_FS_SRV
200,ZC_CONTRACT_FS_SRV,/sap/opu/odata/sap/C_CONTRACT_FS_SRV
200,ZC_CONTRACTITEM_FS_SRV,/sap/opu/odata/sap/C_CONTRACTITEM_FS_SRV
200,ZC_SUPLREVALRSPEVALUATEST_CDS,/sap/opu/odata/sap/C_SUPLREVALRSPEVALUATEST_CDS
200,ZSLC_QUESTIONNAIRE_RESPONSE_SRV,/sap/opu/odata/sap/SLC_QUESTIONNAIRE_RESPONSE_SRV
200,ZC_PURREQUISITION_FS_SRV,/sap/opu/odata/sap/C_PURREQUISITION_FS_SRV
200,ZC_IN_GSTTAXSUMMARY_CDS,/sap/opu/odata/sap/C_IN_GSTTAXSUMMARY_CDS
200,ZLO_JOURNAL_VOUCHER_CREATE_SRV,/sap/opu/odata/sap/LO_JOURNAL_VOUCHER_CREATE_SRV
200,ZCA_BPF_LAYOUT_METADATA_SRV,/sap/opu/odata/sap/CA_BPF_LAYOUT_METADATA_SRV
000,ZFAR_MANUAL_CLEARING_SRV,/sap/opu/odata/sap/FAR_MANUAL_CLEARING_SRV
200,ZBOM_EXPLOSION_V2,/sap/opu/odata/sap/BOM_EXPLOSION_V2
200,ZC_CUSTOMERRETURNRATEQRY_CDS,/sap/opu/odata/sap/C_CUSTOMERRETURNRATEQRY_CDS
200,ZC_PURREQUISITIONITEM_FS_SRV,/sap/opu/odata/sap/C_PURREQUISITIONITEM_FS_SRV
200,ZISLM_REPOSITORY_SRV,/sap/opu/odata/sap/ISLM_REPOSITORY_SRV
200,ZISLM_IS_SRV,/sap/opu/odata/sap/ISLM_IS_SRV
200,ZRFM_MANAGE_PRODUCT_LISTING_SRV,/sap/opu/odata/sap/RFM_MANAGE_PRODUCT_LISTING_SRV
000,ZMD_PRODUCT_OP_SRV,/sap/opu/odata/sap/MD_PRODUCT_OP_SRV
200,ZSD_MCC_INCOTERMS_READ_SRV,/sap/opu/odata/sap/SD_MCC_INCOTERMS_READ_SRV
200,ZLO_VCHCLF_CFE_KEYUSERAPP_SRV,/sap/opu/odata/sap/LO_VCHCLF_CFE_KEYUSERAPP_SRV
200,ZO2C_FICA_BPLINEITEMS_SRV,/sap/opu/odata/sap/O2C_FICA_BPLINEITEMS_SRV
000,ZFAP_PAYMENT_POST_SRV,/sap/opu/odata/sap/FAP_PAYMENT_POST_SRV
000,ZFAR_PAYMENT_POST_SRV,/sap/opu/odata/sap/FAR_PAYMENT_POST_SRV
200,ZSD_MCC_DMR_MASS_UPDATE_SRV,/sap/opu/odata/sap/SD_MCC_DMR_MASS_UPDATE_SRV
200,ZSD_MCC_CMR_MASS_UPDATE_SRV,/sap/opu/odata/sap/SD_MCC_CMR_MASS_UPDATE_SRV
200,ZSD_MCC_CCO_MASS_UPDATE_SRV,/sap/opu/odata/sap/SD_MCC_CCO_MASS_UPDATE_SRV
200,ZSD_MCC_CR_MASS_UPDATE_SRV,/sap/opu/odata/sap/SD_MCC_CR_MASS_UPDATE_SRV
200,ZPP_MPE_AOR,/sap/opu/odata/sap/PP_MPE_AOR
200,ZSD_MCC_SO_MASS_UPDATE_SRV,/sap/opu/odata/sap/SD_MCC_SO_MASS_UPDATE_SRV
200,ZPP_MRP_AOR_SRV,/sap/opu/odata/sap/PP_MRP_AOR_SRV
200,ZSD_MCC_SQ_MASS_UPDATE_SRV,/sap/opu/odata/sap/SD_MCC_SQ_MASS_UPDATE_SRV
200,ZSD_MCC_SOW_MASS_UPDATE_SRV,/sap/opu/odata/sap/SD_MCC_SOW_MASS_UPDATE_SRV
200,ZSD_MCC_SCH_MASS_UPDATE_SRV,/sap/opu/odata/sap/SD_MCC_SCH_MASS_UPDATE_SRV
200,ZPP_MRP_CHANGE_REQUEST_SRV,/sap/opu/odata/sap/PP_MRP_CHANGE_REQUEST_SRV
200,ZPP_PROCORD_OPERATIONS_MANAGE_SRV,/sap/opu/odata/sap/PP_PROCORD_OPERATIONS_MANAGE_SRV
200,ZUI_RFM_USR_ASSIGN_EXPL_ASM,/sap/opu/odata/sap/UI_RFM_USR_ASSIGN_EXPL_ASM
200,ZUI_INTERNALORDER_MANAGE,/sap/opu/odata/sap/UI_INTERNALORDER_MANAGE
200,ZEAM_OBJPG_TASKLISTANDOP_SRV,/sap/opu/odata/sap/EAM_OBJPG_TASKLISTANDOP_SRV
200,ZUI_RESERVATION_OBJPG,/sap/opu/odata/sap/UI_RESERVATION_OBJPG
200,ZEDOC_DCC_SRV,/sap/opu/odata/sap/EDOC_DCC_SRV
200,ZUI_IMPCTMGMTSCENARIOMANAGE,/sap/opu/odata/sap/UI_IMPCTMGMTSCENARIOMANAGE
200,ZICA_MATCHING_ITEM_SRV,/sap/opu/odata/sap/ICA_MATCHING_ITEM_SRV
200,ZC_PFMCARBONFPRNTANLYTSQRY_CDS,/sap/opu/odata/sap/C_PFMCARBONFPRNTANLYTSQRY_CDS
200,ZSD_MCC_SD_MASS_UPDATE_SRV,/sap/opu/odata/sap/SD_MCC_SD_MASS_UPDATE_SRV
200,ZUI_WORKCENTERS,/sap/opu/odata/sap/UI_WORKCENTERS
200,ZUI_IHBACCOUNTLIMITWORKFLOW,/sap/opu/odata/sap/UI_IHBACCOUNTLIMITWORKFLOW
200,ZUI_CFINTEMPORARYPOSTING_V2,/sap/opu/odata/sap/UI_CFINTEMPORARYPOSTING_V2
200,ZQM_FMEA_MNG_SRV,/sap/opu/odata/sap/QM_FMEA_MNG_SRV
200,ZUI_IHBACCTLIMITOBJECTTP,/sap/opu/odata/sap/UI_IHBACCTLIMITOBJECTTP
200,ZUI_DFS_RELOCATIONPLANNING,/sap/opu/odata/sap/UI_DFS_RELOCATIONPLANNING
200,ZUI_IHBACCOUNTTEMPLATETP_02,/sap/opu/odata/sap/UI_IHBACCOUNTTEMPLATETP_02
200,ZLO_SETMAN_CC_OPG,/sap/opu/odata/sap/LO_SETMAN_CC_OPG
200,ZFCO_EVENTBASED_POSTING_RULES_SRV,/sap/opu/odata/sap/FCO_EVENTBASED_POSTING_RULES_SRV
200,ZSD_SALES_DOC_IMPORT,/sap/opu/odata/sap/SD_SALES_DOC_IMPORT
200,ZUI_STOCKREPSUBS_O2,/sap/opu/odata/sap/UI_STOCKREPSUBS_O2
200,ZUI_LO_SETMAN_SDOC_MON,/sap/opu/odata/sap/UI_LO_SETMAN_SDOC_MON
200,ZUI_SRCGPROJAWDSCEN_MANAGE,/sap/opu/odata/sap/UI_SRCGPROJAWDSCEN_MANAGE
200,ZUI_PRODUCTIONVERSION,/sap/opu/odata/sap/UI_PRODUCTIONVERSION
200,ZUI_STOCKREPPROC_O2,/sap/opu/odata/sap/UI_STOCKREPPROC_O2
200,ZC_MDGOVCLSDWRKFLWBPQRY_CDS,/sap/opu/odata/sap/C_MDGOVCLSDWRKFLWBPQRY_CDS
200,ZFCO_PROF_SEGMENT_SRV,/sap/opu/odata/sap/FCO_PROF_SEGMENT_SRV
200,ZUI_LOCSUBSTN_EXCLN_MANAGE,/sap/opu/odata/sap/UI_LOCSUBSTN_EXCLN_MANAGE
200,ZC_CHGMGMTACTIVITYDUEDATEQ_CDS,/sap/opu/odata/sap/C_CHGMGMTACTIVITYDUEDATEQ_CDS
000,ZUI_SCM_ADVNCD_SCHEDG_BOARD,/sap/opu/odata/sap/UI_SCM_ADVNCD_SCHEDG_BOARD
200,ZC_CHGMGMTOPLSTARTDATEQ_CDS,/sap/opu/odata/sap/C_CHGMGMTOPLSTARTDATEQ_CDS
200,ZC_CHGMGMTREQPERSONINVLDQ_CDS,/sap/opu/odata/sap/C_CHGMGMTREQPERSONINVLDQ_CDS
200,ZC_CHGMGMTEXECSTARTDATEQ_CDS,/sap/opu/odata/sap/C_CHGMGMTEXECSTARTDATEQ_CDS
200,ZUI_INVOICEPRIOZNRULE_MAN,/sap/opu/odata/sap/UI_INVOICEPRIOZNRULE_MAN
200,ZUI_LOCSUBSTITUTION_MANAGE,/sap/opu/odata/sap/UI_LOCSUBSTITUTION_MANAGE
200,ZC_CHGMGMTACTYPERSONINVLDQ_CDS,/sap/opu/odata/sap/C_CHGMGMTACTYPERSONINVLDQ_CDS
200,ZC_CHGMGMTACTIVITYQ_CDS,/sap/opu/odata/sap/C_CHGMGMTACTIVITYQ_CDS
200,ZUI_RFM_POCNSLDTNRULE,/sap/opu/odata/sap/UI_RFM_POCNSLDTNRULE
200,ZC_CHGMGMTREQUESTQ_CDS,/sap/opu/odata/sap/C_CHGMGMTREQUESTQ_CDS
200,ZC_EWM_OUTBDELIVORDADJQ_2_CDS,/sap/opu/odata/sap/C_EWM_OUTBDELIVORDADJQ_2_CDS
200,ZC_CHGMGMTREQRELTDOBJQRY_CDS,/sap/opu/odata/sap/C_CHGMGMTREQRELTDOBJQRY_CDS
200,ZPP_MRP_MATERIAL_COVERAGE_POVER_SRV,/sap/opu/odata/sap/PP_MRP_MATERIAL_COVERAGE_POVER_SRV_
200,ZC_CHGMGMTREVERSALDATEQ_CDS,/sap/opu/odata/sap/C_CHGMGMTREVERSALDATEQ_CDS
200,ZC_CHGMGMTAPPROVALDATEQ_CDS,/sap/opu/odata/sap/C_CHGMGMTAPPROVALDATEQ_CDS
200,ZUI_VALUECHAINMONITOR,/sap/opu/odata/sap/UI_VALUECHAINMONITOR
200,ZFCO_REALTIME_ORD_COSTS_DETAIL_SRV,/sap/opu/odata/sap/FCO_REALTIME_ORD_COSTS_DETAIL_SRV
200,ZUI_GCO_DASHBOARD,/sap/opu/odata/sap/UI_GCO_DASHBOARD
200,ZUI_DFS_RELOCATIONPROJECT,/sap/opu/odata/sap/UI_DFS_RELOCATIONPROJECT
200,ZDATEFUNCTION,/sap/opu/odata/sap/DATEFUNCTION
000,ZFAC_GL_DOCUMENT_POST_SRV,/sap/opu/odata/sap/FAC_GL_DOCUMENT_POST_SRV
200,ZFIN_ML_ACR_DISP,/sap/opu/odata/sap/FIN_ML_ACR_DISP
200,ZUI_WAREHOUSEDOCUMENT,/sap/opu/odata/sap/UI_WAREHOUSEDOCUMENT
200,ZUI_DFS_RELOCATIONSTOCKPLNG,/sap/opu/odata/sap/UI_DFS_RELOCATIONSTOCKPLNG
200,ZUI_IHBCONDITIONWORKFLOW,/sap/opu/odata/sap/UI_IHBCONDITIONWORKFLOW
200,ZUI_IHBACCOUNTMASSCREATP_02,/sap/opu/odata/sap/UI_IHBACCOUNTMASSCREATP_02
200,ZUI_RFM_PO_MNG,/sap/opu/odata/sap/UI_RFM_PO_MNG
200,ZUI_IHBEODPROCESSLOGTP_02,/sap/opu/odata/sap/UI_IHBEODPROCESSLOGTP_02
200,ZUI_MANAGEPAYMENTPLAN_O2,/sap/opu/odata/sap/UI_MANAGEPAYMENTPLAN_O2
200,ZUI_IHBPAYMENTMONITORTP,/sap/opu/odata/sap/UI_IHBPAYMENTMONITORTP
200,ZUI_MAINTORDMATLANDSRVC_MNG,/sap/opu/odata/sap/UI_MAINTORDMATLANDSRVC_MNG
200,ZUI_PI_MANAGE_COUNT_V2,/sap/opu/odata/sap/UI_PI_MANAGE_COUNT_V2
200,ZFCO_REALTIME_WIP_REPORTING_SRV,/sap/opu/odata/sap/FCO_REALTIME_WIP_REPORTING_SRV
200,ZUI_IHBOVERDRAFTTP,/sap/opu/odata/sap/UI_IHBOVERDRAFTTP
200,ZUI_IHBCONDITIONOBJECTTP,/sap/opu/odata/sap/UI_IHBCONDITIONOBJECTTP
200,ZUI_PRODUCTLIST,/sap/opu/odata/sap/UI_PRODUCTLIST
200,ZUI_IHBACCOUNTBALANCETP_02,/sap/opu/odata/sap/UI_IHBACCOUNTBALANCETP_02
200,ZUI_INSPLOT_RSLTRECG,/sap/opu/odata/sap/UI_INSPLOT_RSLTRECG
200,ZUI_HCMORGCHART,/sap/opu/odata/sap/UI_HCMORGCHART
200,ZFCO_EB_PRODN_ACCTG_OVW_SRV,/sap/opu/odata/sap/FCO_EB_PRODN_ACCTG_OVW_SRV
200,ZFAP_MANAGE_PAYMENT_BLOCKS_SRV,/sap/opu/odata/sap/FAP_MANAGE_PAYMENT_BLOCKS_SRV
200,ZUI_HCMMYREPORTING,/sap/opu/odata/sap/UI_HCMMYREPORTING
200,ZMMPUR_ANA_PARTSPERMILLION_SRV,/sap/opu/odata/sap/MMPUR_ANA_PARTSPERMILLION_SRV
200,ZFAP_VENDOR_BALANCE_SRV,/sap/opu/odata/sap/FAP_VENDOR_BALANCE_SRV
200,ZICA_RECON_CLOSE_SRV,/sap/opu/odata/sap/ICA_RECON_CLOSE_SRV
200,ZFBV_INV_BALSHEET_VALUATION_SRV,/sap/opu/odata/sap/FBV_INV_BALSHEET_VALUATION_SRV
200,ZC_MRPCTRLRBYAOR_SRV,/sap/opu/odata/sap/C_MRPCTRLRBYAOR_SRV
200,ZUI_HCMPROCESS,/sap/opu/odata/sap/UI_HCMPROCESS
200,ZC_SUPLREVALBYQLTYNOTIFQRY_CDS,/sap/opu/odata/sap/C_SUPLREVALBYQLTYNOTIFQRY_CDS
200,ZMANAGE_SEPA_MANDATE,/sap/opu/odata/sap/MANAGE_SEPA_MANDATE
200,ZUI_C_DFS_MAINTSTSBRD,/sap/opu/odata/sap/UI_C_DFS_MAINTSTSBRD
200,ZUI_MODPRODSPEC_MANAGE,/sap/opu/odata/sap/UI_MODPRODSPEC_MANAGE
200,ZFARR_SDB_REV_CATCHUP,/sap/opu/odata/sap/FARR_SDB_REV_CATCHUP
200,ZDFS_ASSGMT_PLATFORM_SRV,/sap/opu/odata/sap/DFS_ASSGMT_PLATFORM_SRV
200,ZUI_PRODSUBSTN_RSN_MANAGE,/sap/opu/odata/sap/UI_PRODSUBSTN_RSN_MANAGE
200,ZEHHSS_SMR_REP_SRV,/sap/opu/odata/sap/EHHSS_SMR_REP_SRV
500,ZFIN_RE_LOG_DETAIL_SRV,/sap/opu/odata/sap/FIN_RE_LOG_DETAIL_SRV
200,ZUI_PRODSUBSTN_CTRL_MANAGE,/sap/opu/odata/sap/UI_PRODSUBSTN_CTRL_MANAGE
200,ZEHHSS_SMR_REP_TP_SRV,/sap/opu/odata/sap/EHHSS_SMR_REP_TP_SRV
200,ZUI_FINPLNGITEMSETTOZERO,/sap/opu/odata/sap/UI_FINPLNGITEMSETTOZERO
200,ZUI_SUBSTNVALDTNLOGSETTINGS,/sap/opu/odata/sap/UI_SUBSTNVALDTNLOGSETTINGS
200,ZC_OPERATIONALSUPLREVALQRY_CDS,/sap/opu/odata/sap/C_OPERATIONALSUPLREVALQRY_CDS
200,ZC_PRICEVARIANCEQUERY_CDS,/sap/opu/odata/sap/C_PRICEVARIANCEQUERY_CDS
200,ZC_EWM_OUTBDELIVORDADJQ_CDS,/sap/opu/odata/sap/C_EWM_OUTBDELIVORDADJQ_CDS
200,ZO2C_FICA_MYWORKLIST_DISP_SRV,/sap/opu/odata/sap/O2C_FICA_MYWORKLIST_DISP_SRV
200,ZPP_DD_ORD_DET_SRV,/sap/opu/odata/sap/PP_DD_ORD_DET_SRV
200,ZFAC_DSP_DOC_FLW_SRV,/sap/opu/odata/sap/FAC_DSP_DOC_FLW_SRV
200,ZUI_LOCSUBSTN_RSN_MANAGE,/sap/opu/odata/sap/UI_LOCSUBSTN_RSN_MANAGE
200,ZUI_HCMACTUALACTIVITIES,/sap/opu/odata/sap/UI_HCMACTUALACTIVITIES
200,ZUI_O2C_FICA_DSPSTVALADJ_O2,/sap/opu/odata/sap/UI_O2C_FICA_DSPSTVALADJ_O2
200,ZUI_OVD_CHARC_COMBN_MNG,/sap/opu/odata/sap/UI_OVD_CHARC_COMBN_MNG
200,ZUI_LOCSUBSTN_CTRL_MANAGE,/sap/opu/odata/sap/UI_LOCSUBSTN_CTRL_MANAGE
200,ZUI_FRTAGREEMENTRFQMASTER,/sap/opu/odata/sap/UI_FRTAGREEMENTRFQMASTER
200,ZFAP_DISP_PROCESS_FLOW_SRV,/sap/opu/odata/sap/FAP_DISP_PROCESS_FLOW_SRV
200,ZFCO_INTERNAL_ORDER_CHNGLOG,/sap/opu/odata/sap/FCO_INTERNAL_ORDER_CHNGLOG
200,ZC_EWM_WAREHOUSEORDERQ_2_CDS,/sap/opu/odata/sap/C_EWM_WAREHOUSEORDERQ_2_CDS
200,ZFCO_WHERE_USD_INT_ORD,/sap/opu/odata/sap/FCO_WHERE_USD_INT_ORD
200,ZC_EWM_WAREHOUSETASKQ_2_CDS,/sap/opu/odata/sap/C_EWM_WAREHOUSETASKQ_2_CDS
200,ZC_DAMAGEANALYSISQUERY_CDS,/sap/opu/odata/sap/C_DAMAGEANALYSISQUERY_CDS
200,ZEAM_OBJPG_PURCHORDER_SRV,/sap/opu/odata/sap/EAM_OBJPG_PURCHORDER_SRV
200,ZUI_FCO_ACTL_SETTLEMENT_O2,/sap/opu/odata/sap/UI_FCO_ACTL_SETTLEMENT_O2
200,ZUI_FCO_SET_REPORT_RELEV_O2,/sap/opu/odata/sap/UI_FCO_SET_REPORT_RELEV_O2
200,ZFAC_HIERARCHY_MIGRTN_SRVB,/sap/opu/odata/sap/FAC_HIERARCHY_MIGRTN_SRVB
200,ZUI_COLL_MD_MANAGE,/sap/opu/odata/sap/UI_COLL_MD_MANAGE
200,ZUI_GRIR_BPI,/sap/opu/odata/sap/UI_GRIR_BPI
200,ZC_WORKCNTRGRPBYAOR_SRV,/sap/opu/odata/sap/C_WORKCNTRGRPBYAOR_SRV
200,ZUI_CAPAYMENTLOT_ANALYSIS,/sap/opu/odata/sap/UI_CAPAYMENTLOT_ANALYSIS
200,ZUI_IHBACCOUNTWORKFLOW,/sap/opu/odata/sap/UI_IHBACCOUNTWORKFLOW
200,ZUI_WORKCENTERCAPLIST_02,/sap/opu/odata/sap/UI_WORKCENTERCAPLIST_02
200,ZUI_OVD_SUBSTN_CVC_MNG,/sap/opu/odata/sap/UI_OVD_SUBSTN_CVC_MNG
200,ZPP_MRP_TIMEDPNDNT_STK_SRV,/sap/opu/odata/sap/PP_MRP_TIMEDPNDNT_STK_SRV
200,ZUI_HOBRECEIVABLES_DISPLAY,/sap/opu/odata/sap/UI_HOBRECEIVABLES_DISPLAY
200,ZUI_SUPPLIERLIST_MANAGE,/sap/opu/odata/sap/UI_SUPPLIERLIST_MANAGE
200,ZFLRETSUPLRITEMDOCFLOW_SRV,/sap/opu/odata/sap/FLRETSUPLRITEMDOCFLOW_SRV
200,ZI_FLDLOGSUSERSETTING_CDS,/sap/opu/odata/sap/I_FLDLOGSUSERSETTING_CDS
200,ZUI_RETURNSWORKORDERVIEW,/sap/opu/odata/sap/UI_RETURNSWORKORDERVIEW
200,ZUI_ALTVDETN_CONFIGURE,/sap/opu/odata/sap/UI_ALTVDETN_CONFIGURE
200,ZFLRETURNDOCFLOW_SRV,/sap/opu/odata/sap/FLRETURNDOCFLOW_SRV
200,ZUI_LO_SETMAN_FCADOC_MON,/sap/opu/odata/sap/UI_LO_SETMAN_FCADOC_MON
200,ZUI_OVD_ACTY_ATTRIB_CONF,/sap/opu/odata/sap/UI_OVD_ACTY_ATTRIB_CONF
200,ZUI_RETURNSINITIATION,/sap/opu/odata/sap/UI_RETURNSINITIATION
200,ZUI_IHBACCOUNTTP_02,/sap/opu/odata/sap/UI_IHBACCOUNTTP_02
200,ZSIMDQ_SERVICES_SRV,/sap/opu/odata/sap/SIMDQ_SERVICES_SRV
200,ZUI_MANUALACCRS_MNG,/sap/opu/odata/sap/UI_MANUALACCRS_MNG
200,ZUI_FINPLANDATACOMPRESS,/sap/opu/odata/sap/UI_FINPLANDATACOMPRESS
200,ZMMIM_STOCKINDATERANGE_SRV,/sap/opu/odata/sap/MMIM_STOCKINDATERANGE_SRV
200,ZUI_SHIPMENTCONTAINERPACKG,/sap/opu/odata/sap/UI_SHIPMENTCONTAINERPACKG
200,ZUI_GLACCOUNT_BALANCES,/sap/opu/odata/sap/UI_GLACCOUNT_BALANCES
200,ZSD_SALES_SA_IMPORT,/sap/opu/odata/sap/SD_SALES_SA_IMPORT
200,ZSD_SALES_QTN_IMPORT,/sap/opu/odata/sap/SD_SALES_QTN_IMPORT
200,ZFCO_MNG_COST_ELEMENT_GROUP,/sap/opu/odata/sap/FCO_MNG_COST_ELEMENT_GROUP
200,ZC_MAINTPLANACTVSYSTSTATUSQ_CDS,/sap/opu/odata/sap/C_MAINTPLANACTVSYSTSTATUSQ_CDS
000,ZUI_RETURNPROCESSING,/sap/opu/odata/sap/UI_RETURNPROCESSING
200,ZMM_PUR_SES_MAINTAIN_SRV,/sap/opu/odata/sap/MM_PUR_SES_MAINTAIN_SRV
200,ZUI_WASTETRANSFERREQUEST,/sap/opu/odata/sap/UI_WASTETRANSFERREQUEST
200,ZUI_STOCKREPORTING_O2,/sap/opu/odata/sap/UI_STOCKREPORTING_O2
200,ZSD_SALES_ORDER_FOC_IMPORT,/sap/opu/odata/sap/SD_SALES_ORDER_FOC_IMPORT
200,ZSD_ORD_PAYTCARDAUTHZN,/sap/opu/odata/sap/SD_ORD_PAYTCARDAUTHZN
000,ZMDC_PROCESS_SRV__194,/sap/opu/odata/sap/MDC_PROCESS_SRV__194
200,ZFI_CORRESPONDENCE_V2_SRV,/sap/opu/odata/sap/FI_CORRESPONDENCE_V2_SRV
200,ZJITOUTBGOODSPOSTING_SRV,/sap/opu/odata/sap/JITOUTBGOODSPOSTING_SRV
200,ZFAR_MANAGE_PAYMENT_ADVICES_SRV,/sap/opu/odata/sap/FAR_MANAGE_PAYMENT_ADVICES_SRV
200,ZC_MDGOVOPENWRKFLWPRODQRY_CDS,/sap/opu/odata/sap/C_MDGOVOPENWRKFLWPRODQRY_CDS
200,ZC_MDGOVOPENWRKFLWBPQRY_CDS,/sap/opu/odata/sap/C_MDGOVOPENWRKFLWBPQRY_CDS
200,ZO2C_FICA_RECOKEY_MANAGE_SRV,/sap/opu/odata/sap/O2C_FICA_RECOKEY_MANAGE_SRV
200,ZFAR_CORRESPONDENCE_HISTORY_SRV,/sap/opu/odata/sap/FAR_CORRESPONDENCE_HISTORY_SRV
000,ZMDC_PROCESS_SRV__986,/sap/opu/odata/sap/MDC_PROCESS_SRV__986
200,ZPP_MRP_PR_HANDOVER_SRV,/sap/opu/odata/sap/PP_MRP_PR_HANDOVER_SRV
000,ZMDC_PROCESS_SRV__1405,/sap/opu/odata/sap/MDC_PROCESS_SRV__1405
200,ZFAC_ACE_DSP_ACCR_OBJ_ITM_SRV,/sap/opu/odata/sap/FAC_ACE_DSP_ACCR_OBJ_ITM_SRV
200,ZSGBT_NTE_CDS_API_SRV,/sap/opu/odata/sap/SGBT_NTE_CDS_API_SRV
200,ZC_SUPLREVALBYQNAIREQRY_CDS,/sap/opu/odata/sap/C_SUPLREVALBYQNAIREQRY_CDS
200,ZEHS_FND_CCI_WASTECODE_SRV,/sap/opu/odata/sap/EHS_FND_CCI_WASTECODE_SRV
000,ZMDC_PROCESS_SRV__147,/sap/opu/odata/sap/MDC_PROCESS_SRV__147
200,ZC_TIMEVARIANCEQUERY_CDS,/sap/opu/odata/sap/C_TIMEVARIANCEQUERY_CDS
200,ZC_SUPLREVALBYQUANTITYQRY_CDS,/sap/opu/odata/sap/C_SUPLREVALBYQUANTITYQRY_CDS
200,ZC_SUPLREVALBYQUALITYQRY_CDS,/sap/opu/odata/sap/C_SUPLREVALBYQUALITYQRY_CDS
200,ZUI_FINPLANNINGITEMDELETE,/sap/opu/odata/sap/UI_FINPLANNINGITEMDELETE
200,ZUI_LOCSUBSTN_GRP_MANAGE,/sap/opu/odata/sap/UI_LOCSUBSTN_GRP_MANAGE
200,ZEHS_FND_CCI_ADDLPRPTY_SRV,/sap/opu/odata/sap/EHS_FND_CCI_ADDLPRPTY_SRV
200,ZC_MDGOVCLSDWRKFLWPRODQRY_CDS,/sap/opu/odata/sap/C_MDGOVCLSDWRKFLWPRODQRY_CDS
200,ZUI_CONTRACTACCOUNT_MANAGE,/sap/opu/odata/sap/UI_CONTRACTACCOUNT_MANAGE
200,ZUI_RFM_ASSIGN_PROD_TO_DCS,/sap/opu/odata/sap/UI_RFM_ASSIGN_PROD_TO_DCS
200,ZMMPUR_A_CTR_PRC_HIST_SRV,/sap/opu/odata/sap/MMPUR_A_CTR_PRC_HIST_SRV
200,ZMMPUR_ANA_USRDFNDCRITRAQRY_SRV,/sap/opu/odata/sap/MMPUR_ANA_USRDFNDCRITRAQRY_SRV
200,ZUI_RFM_PROD_ASSGN_EXPL_ASM,/sap/opu/odata/sap/UI_RFM_PROD_ASSGN_EXPL_ASM
200,ZC_CHGMGMTREQUESTOVERVIEWQ_CDS,/sap/opu/odata/sap/C_CHGMGMTREQUESTOVERVIEWQ_CDS
200,ZEHS_FND_CCI_CMBND_SRV,/sap/opu/odata/sap/EHS_FND_CCI_CMBND_SRV
200,ZC_CHGMGMTACTYOVERVIEWQUERY_CDS,/sap/opu/odata/sap/C_CHGMGMTACTYOVERVIEWQUERY_CDS
200,ZUI_CAINSTLMNTPLAN_MANAGE,/sap/opu/odata/sap/UI_CAINSTLMNTPLAN_MANAGE
200,ZUI_RFM_MNG_ASSTMT_MODULES,/sap/opu/odata/sap/UI_RFM_MNG_ASSTMT_MODULES
200,ZUI_PGGNGASSIGNMENTWITHCOST,/sap/opu/odata/sap/UI_PGGNGASSIGNMENTWITHCOST
200,ZO2C_FICA_REPAYMENTREQUEST_MAN_SRV,/sap/opu/odata/sap/O2C_FICA_REPAYMENTREQUEST_MAN_SRV
200,ZPP_MRP_MATERIAL_COV_INDSEG_SRV,/sap/opu/odata/sap/PP_MRP_MATERIAL_COV_INDSEG_SRV
200,ZUI_SUBSTNVALDNRULE_MANAGE,/sap/opu/odata/sap/UI_SUBSTNVALDNRULE_MANAGE
200,ZUI_COLL_CONTACT_MANAGE,/sap/opu/odata/sap/UI_COLL_CONTACT_MANAGE
200,ZUI_CUSTOMER_CONTACT_MANAGE,/sap/opu/odata/sap/UI_CUSTOMER_CONTACT_MANAGE
200,ZUI_MATERIALSERIALNUMBER,/sap/opu/odata/sap/UI_MATERIALSERIALNUMBER
200,ZEHS_FND_SUBSTANCE_SRV,/sap/opu/odata/sap/EHS_FND_SUBSTANCE_SRV
200,ZFAP_BALANCES_V2_SRV,/sap/opu/odata/sap/FAP_BALANCES_V2_SRV
200,ZUI_PROMISETOPAY_MANAGE,/sap/opu/odata/sap/UI_PROMISETOPAY_MANAGE
200,ZUI_PROCESSFLOWRESOURCES,/sap/opu/odata/sap/UI_PROCESSFLOWRESOURCES
200,ZUI_CADISPUTECASE,/sap/opu/odata/sap/UI_CADISPUTECASE
200,ZUI_MANAGEINHREPAIRS,/sap/opu/odata/sap/UI_MANAGEINHREPAIRS
200,ZUI_COLLECTIONS_EMAIL,/sap/opu/odata/sap/UI_COLLECTIONS_EMAIL
200,ZMM_PUR_CATALOG_SEARCH_SRV,/sap/opu/odata/sap/MM_PUR_CATALOG_SEARCH_SRV
200,ZMM_PUR_REQ_APPROVAL_COMPLETION_SRV,/sap/opu/odata/sap/MM_PUR_REQ_APPROVAL_COMPLETION_SRV
200,ZFCO_ACTUAL_COST_RATE_SRV,/sap/opu/odata/sap/FCO_ACTUAL_COST_RATE_SRV
200,ZFCO_VIA_AAR_DISPLAY_SRV,/sap/opu/odata/sap/FCO_VIA_AAR_DISPLAY_SRV
200,ZFCO_PLAN_COST_RATE_SRV,/sap/opu/odata/sap/FCO_PLAN_COST_RATE_SRV
200,ZFCO_SERVICE_COST_RATE_SRV,/sap/opu/odata/sap/FCO_SERVICE_COST_RATE_SRV
200,ZFCO_COST_CTR_COMMITMENT_2,/sap/opu/odata/sap/FCO_COST_CTR_COMMITMENT_2
200,ZUI_DISPUTE_PROPOSAL_ASSGMT,/sap/opu/odata/sap/UI_DISPUTE_PROPOSAL_ASSGMT
200,ZFCO_DISPLAY_COST_RATE,/sap/opu/odata/sap/FCO_DISPLAY_COST_RATE
200,ZFCO_ACTIVITY_TYPE_CHNGLOG_SRV,/sap/opu/odata/sap/FCO_ACTIVITY_TYPE_CHNGLOG_SRV
200,ZFCO_COST_CENTER_CHNGLOG_SRV,/sap/opu/odata/sap/FCO_COST_CENTER_CHNGLOG_SRV
200,ZFCO_ALLOCATION_FLOW_SRV,/sap/opu/odata/sap/FCO_ALLOCATION_FLOW_SRV
200,ZUI_INTORDSETTLRULE_MANAGE,/sap/opu/odata/sap/UI_INTORDSETTLRULE_MANAGE
200,ZFCO_MANAGE_ACTIVITY_TYPE_SRV,/sap/opu/odata/sap/FCO_MANAGE_ACTIVITY_TYPE_SRV
200,ZFCO_STATISTICAL_KEY_FIGURE_V2_SRV,/sap/opu/odata/sap/FCO_STATISTICAL_KEY_FIGURE_V2_SRV
200,ZFARP_JE_ITEM_NOTES_SRV,/sap/opu/odata/sap/FARP_JE_ITEM_NOTES_SRV
200,ZFCO_WHERE_USED_STAT_KEY_FIG_SRV,/sap/opu/odata/sap/FCO_WHERE_USED_STAT_KEY_FIG_SRV
200,ZAPI_WAREHOUSE,/sap/opu/odata/sap/API_WAREHOUSE
200,ZAPI_WAREHOUSE_STORAGE_BIN,/sap/opu/odata/sap/API_WAREHOUSE_STORAGE_BIN
200,ZAPI_WAREHOUSE_RESOURCE,/sap/opu/odata/sap/API_WAREHOUSE_RESOURCE
200,ZSUPPLIERPAYMENTBLOCK,/sap/opu/odata/sap/SUPPLIERPAYMENTBLOCK
200,ZAPI_WAREHOUSE_ORDER_TASK,/sap/opu/odata/sap/API_WAREHOUSE_ORDER_TASK
200,ZFCO_WHERE_USED_ACTIVITY_TYPE_SRV,/sap/opu/odata/sap/FCO_WHERE_USED_ACTIVITY_TYPE_SRV
200,ZAPI_WHSE_OUTB_DLV_ORDER,/sap/opu/odata/sap/API_WHSE_OUTB_DLV_ORDER
200,ZAPI_WHSE_PHYSINVENTORYITEM,/sap/opu/odata/sap/API_WHSE_PHYSINVENTORYITEM
200,ZUI_SHIPMENTCONTAINER,/sap/opu/odata/sap/UI_SHIPMENTCONTAINER
200,ZSD_SLSSCHEDGAGRMTANLYTSWTRFLL,/sap/opu/odata/sap/SD_SLSSCHEDGAGRMTANLYTSWTRFLL
200,ZMMPUR_AUTOMATION_PROCESS_SRV,/sap/opu/odata/sap/MMPUR_AUTOMATION_PROCESS_SRV
200,ZUI_PRODSUBSTN_EXCLN_MANAGE,/sap/opu/odata/sap/UI_PRODSUBSTN_EXCLN_MANAGE
200,ZUI_COSTACCTGLINEITM_REPOST,/sap/opu/odata/sap/UI_COSTACCTGLINEITM_REPOST
200,ZFCO_WHERE_USED_COST_CENTERS_SRV,/sap/opu/odata/sap/FCO_WHERE_USED_COST_CENTERS_SRV
200,ZUI_PRODSUBSTN_GRP_MANAGE,/sap/opu/odata/sap/UI_PRODSUBSTN_GRP_MANAGE
000,ZUI_RECONTRACT,/sap/opu/odata/sap/UI_RECONTRACT
200,ZMM_PUR_REQ_SSP_V2_MAINTAIN_SRV,/sap/opu/odata/sap/MM_PUR_REQ_SSP_V2_MAINTAIN_SRV
200,ZSD_PRE_BIL_DOC_OP_SRV,/sap/opu/odata/sap/SD_PRE_BIL_DOC_OP_SRV
200,ZFAP_BANK_CHAIN_SRV,/sap/opu/odata/sap/FAP_BANK_CHAIN_SRV
200,ZMM_PUR_ANA_SUPLR_SCOREOUTPUT_SRV,/sap/opu/odata/sap/MM_PUR_ANA_SUPLR_SCOREOUTPUT_SRV
200,ZUI_PRODSUBSTITUTION_MANAGE,/sap/opu/odata/sap/UI_PRODSUBSTITUTION_MANAGE
200,ZAPI_WHSE_INBOUND_DELIVERY,/sap/opu/odata/sap/API_WHSE_INBOUND_DELIVERY
200,ZFML_DMVC_ESTIMATED_COSTS,/sap/opu/odata/sap/FML_DMVC_ESTIMATED_COSTS
200,ZQM_INFOREC_PROC_MANAGE_SRV,/sap/opu/odata/sap/QM_INFOREC_PROC_MANAGE_SRV
200,ZUI_RESUBMISSIONS_MANAGE,/sap/opu/odata/sap/UI_RESUBMISSIONS_MANAGE
200,ZUI_REV_AVAILY_CHECK_RESULT,/sap/opu/odata/sap/UI_REV_AVAILY_CHECK_RESULT
200,ZUI_CFINRPLDPURCHASEORDER,/sap/opu/odata/sap/UI_CFINRPLDPURCHASEORDER
200,ZICA_DOC_CONVERTER_SRV,/sap/opu/odata/sap/ICA_DOC_CONVERTER_SRV
200,ZQM_INSP_PLAN_SRV,/sap/opu/odata/sap/QM_INSP_PLAN_SRV
200,ZUI_CURRENTASSIGNMENTS,/sap/opu/odata/sap/UI_CURRENTASSIGNMENTS
200,ZUI_SUPPLYPROTECTION_REVIEW,/sap/opu/odata/sap/UI_SUPPLYPROTECTION_REVIEW
200,ZUI_REV_PROD_ALLOC_CHK_RSLT,/sap/opu/odata/sap/UI_REV_PROD_ALLOC_CHK_RSLT
200,ZUI_PEGGINGASSIGNMNTHISTORY,/sap/opu/odata/sap/UI_PEGGINGASSIGNMNTHISTORY
200,ZSAPTMVSSEXPLANATION,/sap/opu/odata/sap/SAPTMVSSEXPLANATION
200,ZC_EWM_WAREHOUSETASKQ_CDS,/sap/opu/odata/sap/C_EWM_WAREHOUSETASKQ_CDS
200,ZFAC_ACE_DSP_PERDC_AMT_SRV,/sap/opu/odata/sap/FAC_ACE_DSP_PERDC_AMT_SRV
200,ZFCO_COST_CTR_CLASSIC_CMTMT,/sap/opu/odata/sap/FCO_COST_CTR_CLASSIC_CMTMT
200,ZUI_SSACPERDCAMOUNTS_REVIEW,/sap/opu/odata/sap/UI_SSACPERDCAMOUNTS_REVIEW
200,ZUI_SRVCENTRSHTACCRS_DSP,/sap/opu/odata/sap/UI_SRVCENTRSHTACCRS_DSP
200,ZFML_MATLVCA_DISP_SRV,/sap/opu/odata/sap/FML_MATLVCA_DISP_SRV
200,ZFARR_BUSINESS_RECNCLN,/sap/opu/odata/sap/FARR_BUSINESS_RECNCLN
200,ZUI_MANUALFULFILLMENT,/sap/opu/odata/sap/UI_MANUALFULFILLMENT
200,ZFARR_DOCUMENT_FLOW_SRV,/sap/opu/odata/sap/FARR_DOCUMENT_FLOW_SRV
200,ZFARR_CHANGE_HISTORY,/sap/opu/odata/sap/FARR_CHANGE_HISTORY
200,ZFARR_ALLOC_AMT_EXPLAIN_SRV,/sap/opu/odata/sap/FARR_ALLOC_AMT_EXPLAIN_SRV
200,ZFARR_REVENUE_EXPLANATION_SRV,/sap/opu/odata/sap/FARR_REVENUE_EXPLANATION_SRV
200,ZFTR_TRL_POS_HIST_SRV,/sap/opu/odata/sap/FTR_TRL_POS_HIST_SRV
200,ZFARR_COMBINE_CONTRACTS_SRV,/sap/opu/odata/sap/FARR_COMBINE_CONTRACTS_SRV
200,ZUI_VARCNFCHARCEXCLMAN,/sap/opu/odata/sap/UI_VARCNFCHARCEXCLMAN
200,ZJ_1BNFE_MONITOR_SRV,/sap/opu/odata/sap/J_1BNFE_MONITOR_SRV
200,ZANA_QUERY_DESIGNER,/sap/opu/odata/sap/ANA_QUERY_DESIGNER
200,ZFARR_REVENUE_SCHEDULE,/sap/opu/odata/sap/FARR_REVENUE_SCHEDULE
200,ZMDC_MANAGE_SOURCE_DATA_SRV,/sap/opu/odata/sap/MDC_MANAGE_SOURCE_DATA_SRV
200,ZMDC_IMPORT_SRV,/sap/opu/odata/sap/MDC_IMPORT_SRV
200,ZBOM_COMPARISON,/sap/opu/odata/sap/BOM_COMPARISON
200,ZUI_DISPUTECASE_MANAGE,/sap/opu/odata/sap/UI_DISPUTECASE_MANAGE
200,ZMDIF_UPLOAD_SRV,/sap/opu/odata/sap/MDIF_UPLOAD_SRV
200,ZFI_TAX_RECONCILIATION_SRV,/sap/opu/odata/sap/FI_TAX_RECONCILIATION_SRV
200,ZFI_TAX_DECL_RECONCILIATION_SRV,/sap/opu/odata/sap/FI_TAX_DECL_RECONCILIATION_SRV
200,ZMM_PUR_PRMASS_UPDATE_SRV,/sap/opu/odata/sap/MM_PUR_PRMASS_UPDATE_SRV
200,ZBOMWHEREUSED_SRV,/sap/opu/odata/sap/BOMWHEREUSED_SRV
200,ZMM_PUR_POMASS_UPDATE_SRV,/sap/opu/odata/sap/MM_PUR_POMASS_UPDATE_SRV
200,ZFCO_ACTIVITY_TYPE_SRV,/sap/opu/odata/sap/FCO_ACTIVITY_TYPE_SRV
200,ZFI_CORRESPONDENCE_SRV,/sap/opu/odata/sap/FI_CORRESPONDENCE_SRV
200,ZFIN_CLRG_RSET_SRV,/sap/opu/odata/sap/FIN_CLRG_RSET_SRV
200,ZFAR_BAD_DEBT_RESERVE_SRV,/sap/opu/odata/sap/FAR_BAD_DEBT_RESERVE_SRV
200,ZPLMI_RECIPE_FINDER,/sap/opu/odata/sap/PLMI_RECIPE_FINDER
200,ZBILLOFMATERIALV2_SRV,/sap/opu/odata/sap/BILLOFMATERIALV2_SRV
200,ZQM_QLTYTECHNICIAN_OVP_SRV,/sap/opu/odata/sap/QM_QLTYTECHNICIAN_OVP_SRV
000,ZFAC_FOREIGN_VAL_POST_SRV,/sap/opu/odata/sap/FAC_FOREIGN_VAL_POST_SRV
500,ZUI_ENGINEERING_REDLINE,/sap/opu/odata/sap/UI_ENGINEERING_REDLINE
200,ZPLMI_CR_MY_INBOX_SRV,/sap/opu/odata/sap/PLMI_CR_MY_INBOX_SRV
200,ZUI_IMPCTMGMTANALYZER,/sap/opu/odata/sap/UI_IMPCTMGMTANALYZER
200,ZPLMI_CHGRECD_MY_INBOX_ADDLATTR_SRV,/sap/opu/odata/sap/PLMI_CHGRECD_MY_INBOX_ADDLATTR_SRV
200,ZQM_QLTYENGINEER_OVP_SRV,/sap/opu/odata/sap/QM_QLTYENGINEER_OVP_SRV
200,ZFARR_CONTRACT_OVERVIEW,/sap/opu/odata/sap/FARR_CONTRACT_OVERVIEW
200,ZPLMI_PROCESS_ROUTE,/sap/opu/odata/sap/PLMI_PROCESS_ROUTE
200,ZLE_SHP_WHSE_CLERK_OVP_SRV,/sap/opu/odata/sap/LE_SHP_WHSE_CLERK_OVP_SRV
200,ZFAP_CREATE_SINGLE_PAYMENT,/sap/opu/odata/sap/FAP_CREATE_SINGLE_PAYMENT
200,ZFAP_DISPLAY_SUPPLIER_LIST,/sap/opu/odata/sap/FAP_DISPLAY_SUPPLIER_LIST
200,ZMPEACTIONREASONCODE_SRV,/sap/opu/odata/sap/MPEACTIONREASONCODE_SRV
200,ZMPEACTIONREASONCODEGROUP_SRV,/sap/opu/odata/sap/MPEACTIONREASONCODEGROUP_SRV
200,ZEHHSS_RAS_PROFILE,/sap/opu/odata/sap/EHHSS_RAS_PROFILE
200,ZPPDS_CAPA_UTIL_OBJ_SRV,/sap/opu/odata/sap/PPDS_CAPA_UTIL_OBJ_SRV
200,ZMPEACTIONSETTING_SRV,/sap/opu/odata/sap/MPEACTIONSETTING_SRV
200,ZMMIM_SLOWORNONMOVINGMATERIAL_SRV,/sap/opu/odata/sap/MMIM_SLOWORNONMOVINGMATERIAL_SRV
200,ZFIN_SSC_SR_SRV,/sap/opu/odata/sap/FIN_SSC_SR_SRV
200,ZFAP_VENDOR_LINE_ITEMS_SRV,/sap/opu/odata/sap/FAP_VENDOR_LINE_ITEMS_SRV
200,ZMM_PRC_SEV_CONFIG,/sap/opu/odata/sap/MM_PRC_SEV_CONFIG
200,ZSD_F2714_SDOCBYOBJSTS_SRV,/sap/opu/odata/sap/SD_F2714_SDOCBYOBJSTS_SRV
200,ZMM_PUR_INFO_RECORD_UPDATE_SRV,/sap/opu/odata/sap/MM_PUR_INFO_RECORD_UPDATE_SRV
000,ZFAC_TAX_PAYABLE_POST_SRV,/sap/opu/odata/sap/FAC_TAX_PAYABLE_POST_SRV
200,ZMM_PUR_SCH_AGMT_MASS_UPDATE_SRV,/sap/opu/odata/sap/MM_PUR_SCH_AGMT_MASS_UPDATE_SRV
200,ZMM_SUPPLIER_INVOICE_UPLOAD_SRV,/sap/opu/odata/sap/MM_SUPPLIER_INVOICE_UPLOAD_SRV
200,ZMM_PUR_CTRMASS_UPDATE_SRV,/sap/opu/odata/sap/MM_PUR_CTRMASS_UPDATE_SRV
200,ZPP_MRP_MATERIAL_COVERAGE_SRV,/sap/opu/odata/sap/PP_MRP_MATERIAL_COVERAGE_SRV
200,ZLO_VCHCLF_OVP_MODELER_SRV,/sap/opu/odata/sap/LO_VCHCLF_OVP_MODELER_SRV
000,ZFAC_GL_MANUAL_CLEARING_SRV,/sap/opu/odata/sap/FAC_GL_MANUAL_CLEARING_SRV
200,ZFAR_DISP_PAYMENT_CARD_DATA_SRV,/sap/opu/odata/sap/FAR_DISP_PAYMENT_CARD_DATA_SRV
200,ZPP_PLANNER_OVP_SRV,/sap/opu/odata/sap/PP_PLANNER_OVP_SRV
200,ZC_DAYSPAYABLESOUTSTANDING_CDS,/sap/opu/odata/sap/C_DAYSPAYABLESOUTSTANDING_CDS
200,ZQM_INSPOPERATION_OBJECTPAGE_SRV,/sap/opu/odata/sap/QM_INSPOPERATION_OBJECTPAGE_SRV
200,ZATP_BOP_CUSTOMSORT_SETUP,/sap/opu/odata/sap/ATP_BOP_CUSTOMSORT_SETUP
200,ZSD_DMR_PROCFLOW_SRV,/sap/opu/odata/sap/SD_DMR_PROCFLOW_SRV
200,ZQM_INSPMETHOD_OBJECTPAGE_SRV,/sap/opu/odata/sap/QM_INSPMETHOD_OBJECTPAGE_SRV
000,ZPLMI_CHANGE_RECORD_MANAGEMENT,/sap/opu/odata/sap/PLMI_CHANGE_RECORD_MANAGEMENT
200,ZC_RBLSITMFORKEYDTEDUEPERD_CDS,/sap/opu/odata/sap/C_RBLSITMFORKEYDTEDUEPERD_CDS
200,ZQM_INSPSUBSET_MANAGE_SRV,/sap/opu/odata/sap/QM_INSPSUBSET_MANAGE_SRV
200,ZO2C_FICA_RETURNS_LIST_DISPLAY,/sap/opu/odata/sap/O2C_FICA_RETURNS_LIST_DISPLAY
200,ZEHHSS_RISK_TEMPLATE_SRV,/sap/opu/odata/sap/EHHSS_RISK_TEMPLATE_SRV
000,ZFAP_DOWN_PAYMENT_REQUEST_MANAGE_SR,/sap/opu/odata/sap/FAP_DOWN_PAYMENT_REQUEST_MANAGE_SRV
200,ZSD_SOF,/sap/opu/odata/sap/SD_SOF
200,ZUI_OVD_ALTV_CTRL_CONFIGURE,/sap/opu/odata/sap/UI_OVD_ALTV_CTRL_CONFIGURE
200,ZC_FRTORDEXECUTIONQUERY_CDS,/sap/opu/odata/sap/C_FRTORDEXECUTIONQUERY_CDS
200,ZC_FRTORDEXECUTIONSTSQ_CDS,/sap/opu/odata/sap/C_FRTORDEXECUTIONSTSQ_CDS
200,ZC_SCHEDGAGRMTITMCNSMPN_CDS,/sap/opu/odata/sap/C_SCHEDGAGRMTITMCNSMPN_CDS
200,ZPLMI_RECIPE_ANALYSIS,/sap/opu/odata/sap/PLMI_RECIPE_ANALYSIS
200,ZC_FRTORDQUANTITYQUERY_CDS,/sap/opu/odata/sap/C_FRTORDQUANTITYQUERY_CDS
200,ZPLMI_RECIPE_OVP,/sap/opu/odata/sap/PLMI_RECIPE_OVP
200,ZO2C_FICA_WRITEOFF_LIST_DISPLAY,/sap/opu/odata/sap/O2C_FICA_WRITEOFF_LIST_DISPLAY
200,ZFML_MATVAL_MANAGE_SRV,/sap/opu/odata/sap/FML_MATVAL_MANAGE_SRV
200,ZEHHSS_IM_TASK_LIST_SRV,/sap/opu/odata/sap/EHHSS_IM_TASK_LIST_SRV
200,ZEHHSS_RAS_TASK_LIST,/sap/opu/odata/sap/EHHSS_RAS_TASK_LIST
200,ZEHHSS_CIM_TASK_LIST,/sap/opu/odata/sap/EHHSS_CIM_TASK_LIST
200,ZQM_INSPSPEC_OBJECTPAGE_SRV,/sap/opu/odata/sap/QM_INSPSPEC_OBJECTPAGE_SRV
200,ZMDC_EXPORT_SRV,/sap/opu/odata/sap/MDC_EXPORT_SRV
200,ZFIGL_MANAGE_TAX_ITEMS_SRV,/sap/opu/odata/sap/FIGL_MANAGE_TAX_ITEMS_SRV
200,ZMDG_CR_BUPA_ALP_SRV,/sap/opu/odata/sap/MDG_CR_BUPA_ALP_SRV
200,ZMDC_PROC_BP_ALP_SRV,/sap/opu/odata/sap/MDC_PROC_BP_ALP_SRV
200,ZMDG_MDPROC_BUPA_OVP_SRV,/sap/opu/odata/sap/MDG_MDPROC_BUPA_OVP_SRV
200,ZPP_DD_REPLMNT_DETAILS_SRV,/sap/opu/odata/sap/PP_DD_REPLMNT_DETAILS_SRV
200,ZC_FRTBKGQUANTITYQUERY_CDS,/sap/opu/odata/sap/C_FRTBKGQUANTITYQUERY_CDS
200,ZMM_PUR_PODWNPAYT_MNTR_SRV,/sap/opu/odata/sap/MM_PUR_PODWNPAYT_MNTR_SRV
200,ZC_FRTBKGEXECUTIONSTSQ_CDS,/sap/opu/odata/sap/C_FRTBKGEXECUTIONSTSQ_CDS
200,ZFAC_AUDIT_JOURNAL_SRV,/sap/opu/odata/sap/FAC_AUDIT_JOURNAL_SRV
200,ZMDC_PROC_PRODUCT_ALP_SRV,/sap/opu/odata/sap/MDC_PROC_PRODUCT_ALP_SRV
200,ZEHS_INC_REPORTINCIDENT_SRV,/sap/opu/odata/sap/EHS_INC_REPORTINCIDENT_SRV
200,ZMDG_CR_PRODUCT_ALP_SRV,/sap/opu/odata/sap/MDG_CR_PRODUCT_ALP_SRV
200,ZC_COLLMGMTRBLSITMFORKEYDTE_CDS,/sap/opu/odata/sap/C_COLLMGMTRBLSITMFORKEYDTE_CDS
200,ZEHHSS_SAFETY_INSIGHTS,/sap/opu/odata/sap/EHHSS_SAFETY_INSIGHTS
200,ZEHHSS_HOURS_WORKED_SRV,/sap/opu/odata/sap/EHHSS_HOURS_WORKED_SRV
200,ZMDG_MDPROC_PROD_OVP_SRV,/sap/opu/odata/sap/MDG_MDPROC_PROD_OVP_SRV
200,ZMDC_TRACK_CHANGES_SRV__1405,/sap/opu/odata/sap/MDC_TRACK_CHANGES_SRV__1405
200,ZMDC_TRACK_CHANGES_SRV__147,/sap/opu/odata/sap/MDC_TRACK_CHANGES_SRV__147
200,ZO2C_FICA_GENTOOLS,/sap/opu/odata/sap/O2C_FICA_GENTOOLS
200,ZO2C_FICA_WORKLIST,/sap/opu/odata/sap/O2C_FICA_WORKLIST
200,ZC_ARDAYSSALESOUTSTDGOVW_CDS,/sap/opu/odata/sap/C_ARDAYSSALESOUTSTDGOVW_CDS
200,ZMDC_TRACK_CHANGES_SRV__194,/sap/opu/odata/sap/MDC_TRACK_CHANGES_SRV__194
200,ZEHFND_TDEF_MOC_SRV,/sap/opu/odata/sap/EHFND_TDEF_MOC_SRV
200,ZEHS_MOC_MANCHGREQ_SRV,/sap/opu/odata/sap/EHS_MOC_MANCHGREQ_SRV
200,ZEHS_MOC_MANACTY_SRV,/sap/opu/odata/sap/EHS_MOC_MANACTY_SRV
200,ZFAR_AR_OVP_SRV,/sap/opu/odata/sap/FAR_AR_OVP_SRV
200,ZC_ARCASHCOLLTRACKEROVW_CDS,/sap/opu/odata/sap/C_ARCASHCOLLTRACKEROVW_CDS
200,ZC_ARDEBTORSOVW_CDS,/sap/opu/odata/sap/C_ARDEBTORSOVW_CDS
200,ZC_ARAGINGANALYSISOVW_CDS,/sap/opu/odata/sap/C_ARAGINGANALYSISOVW_CDS
200,ZEHFND_TDEF_MNTF_SRV,/sap/opu/odata/sap/EHFND_TDEF_MNTF_SRV
200,ZC_SLCMGMTSUPPLIERPORTFOLIOST_SRV,/sap/opu/odata/sap/C_SLCMGMTSUPPLIERPORTFOLIOST_SRV
200,ZC_INCIDENTDARTRATEQUERY_CDS,/sap/opu/odata/sap/C_INCIDENTDARTRATEQUERY_CDS
200,ZC_INCIDENTRATEQUERY_CDS,/sap/opu/odata/sap/C_INCIDENTRATEQUERY_CDS
200,ZC_ARBREAKDOWNOVW_CDS,/sap/opu/odata/sap/C_ARBREAKDOWNOVW_CDS
200,ZMM_PUR_CREATE_FOD_FROM_PR_SRV,/sap/opu/odata/sap/MM_PUR_CREATE_FOD_FROM_PR_SRV
200,ZLO_VCHCLF_PROFILE_ASSIGN_GROUP_SRV,/sap/opu/odata/sap/LO_VCHCLF_PROFILE_ASSIGN_GROUP_SRV
200,ZMM_PUR_MATL_PRC_VARIANCE,/sap/opu/odata/sap/MM_PUR_MATL_PRC_VARIANCE
200,ZEHFND_TDEF_MON_SRV,/sap/opu/odata/sap/EHFND_TDEF_MON_SRV
200,ZLO_VCHCLF_INTEGRATION_LEGACY_SRV,/sap/opu/odata/sap/LO_VCHCLF_INTEGRATION_LEGACY_SRV
200,ZFTR_DEBTINVMT_ANALYSIS_SRV,/sap/opu/odata/sap/FTR_DEBTINVMT_ANALYSIS_SRV
200,ZC_FRTBKGEXECUTIONQUERY_CDS,/sap/opu/odata/sap/C_FRTBKGEXECUTIONQUERY_CDS
200,ZMPE_QUALIFICATIONS_SRV,/sap/opu/odata/sap/MPE_QUALIFICATIONS_SRV
200,ZMM_PUR_MAT_PROPOSE_CTR_SRV,/sap/opu/odata/sap/MM_PUR_MAT_PROPOSE_CTR_SRV
200,ZDFPS_GET_STORAGE_FACILITY_SRV_01,/sap/opu/odata/sap/DFPS_GET_STORAGE_FACILITY_SRV_01
200,ZC_TENDERINGQUERY_CDS,/sap/opu/odata/sap/C_TENDERINGQUERY_CDS
200,ZC_BUSINESSSHARECOMPLIANCEQ_CDS,/sap/opu/odata/sap/C_BUSINESSSHARECOMPLIANCEQ_CDS
200,ZO2C_FICA_RECEIVABLES_SRV,/sap/opu/odata/sap/O2C_FICA_RECEIVABLES_SRV
200,ZC_QUALITYLEVELANALYSIS_CDS,/sap/opu/odata/sap/C_QUALITYLEVELANALYSIS_CDS
200,ZMM_PUR_INFORECPRICEH_MNTR_SRV,/sap/opu/odata/sap/MM_PUR_INFORECPRICEH_MNTR_SRV
200,ZC_TRANSPALLOCCOMPLIANCEQ_CDS,/sap/opu/odata/sap/C_TRANSPALLOCCOMPLIANCEQ_CDS
200,ZMM_PUR_MASSUPDT_SIMLN_SRV,/sap/opu/odata/sap/MM_PUR_MASSUPDT_SIMLN_SRV
200,ZC_CNTRLCONTRCNSMPNQRY_CDS,/sap/opu/odata/sap/C_CNTRLCONTRCNSMPNQRY_CDS
200,ZATP_ABC_STRATEGY,/sap/opu/odata/sap/ATP_ABC_STRATEGY
200,ZPP_DD_MASSADJBUF_SRV,/sap/opu/odata/sap/PP_DD_MASSADJBUF_SRV
200,ZFINS_ACDOC_PLAN_MANAGE_COPY_SRV,/sap/opu/odata/sap/FINS_ACDOC_PLAN_MANAGE_COPY_SRV
200,ZQM_CHARTS_SRV,/sap/opu/odata/sap/QM_CHARTS_SRV
200,ZQM_QTASK_PROC_SRV,/sap/opu/odata/sap/QM_QTASK_PROC_SRV
200,ZFAR_MANAGE_COLL_STRATEGIES_SRV,/sap/opu/odata/sap/FAR_MANAGE_COLL_STRATEGIES_SRV
200,ZC_POITEMCHANGECOUNT_CDS,/sap/opu/odata/sap/C_POITEMCHANGECOUNT_CDS
200,ZFAC_GRIR_ANALYSIS_SRV,/sap/opu/odata/sap/FAC_GRIR_ANALYSIS_SRV
200,ZC_MFGORDOPERATIONSCRAPQRY_CDS,/sap/opu/odata/sap/C_MFGORDOPERATIONSCRAPQRY_CDS
200,ZC_MFGORDCOMPEXCSCONSMPTQRY_CDS,/sap/opu/odata/sap/C_MFGORDCOMPEXCSCONSMPTQRY_CDS
200,ZPP_SCHEDULEPRODUCTION_SRV,/sap/opu/odata/sap/PP_SCHEDULEPRODUCTION_SRV
200,ZC_MFGORDEROPEXECDURNQRY_CDS,/sap/opu/odata/sap/C_MFGORDEROPEXECDURNQRY_CDS
200,ZC_MFGORDITEMMATERIALSCRAPQ_CDS,/sap/opu/odata/sap/C_MFGORDITEMMATERIALSCRAPQ_CDS
200,ZC_MFGORDOPCONFSCRAPREASONQ_CDS,/sap/opu/odata/sap/C_MFGORDOPCONFSCRAPREASONQ_CDS
200,ZFCO_SKF_PLANDATA_UPLOAD_SRV,/sap/opu/odata/sap/FCO_SKF_PLANDATA_UPLOAD_SRV
200,ZO2C_FICA_BUSTRANS_DISP_SRV,/sap/opu/odata/sap/O2C_FICA_BUSTRANS_DISP_SRV
200,ZPMRP_SIMURES_SERVICE,/sap/opu/odata/sap/PMRP_SIMURES_SERVICE
200,ZPMRP_SIMULATION_SERVICE,/sap/opu/odata/sap/PMRP_SIMULATION_SERVICE
200,ZPMRP_SIMULTLD_SERVICE,/sap/opu/odata/sap/PMRP_SIMULTLD_SERVICE
200,ZO2C_FICA_DUNNNOTICE_MAINTAIN_SRV,/sap/opu/odata/sap/O2C_FICA_DUNNNOTICE_MAINTAIN_SRV
200,ZPMRP_CAPACITY_SERVICE,/sap/opu/odata/sap/PMRP_CAPACITY_SERVICE
200,ZC_CNTRLPURREQNITEMTYPES_CDS,/sap/opu/odata/sap/C_CNTRLPURREQNITEMTYPES_CDS
200,ZPMRP_SIMUTLD_SERVICE,/sap/opu/odata/sap/PMRP_SIMUTLD_SERVICE
200,ZQM_DEFECT_RECORD_SRV,/sap/opu/odata/sap/QM_DEFECT_RECORD_SRV
200,ZQM_QUALITYLEVEL_MANAGE_SRV,/sap/opu/odata/sap/QM_QUALITYLEVEL_MANAGE_SRV
200,ZPMRP_SIMUL_SERVICE,/sap/opu/odata/sap/PMRP_SIMUL_SERVICE
200,ZO2C_FICA_PAYMENT_LIST_DISPLAY_SRV,/sap/opu/odata/sap/O2C_FICA_PAYMENT_LIST_DISPLAY_SRV
200,ZFAC_FINANCIAL_STATEMENT_SRV,/sap/opu/odata/sap/FAC_FINANCIAL_STATEMENT_SRV
200,ZUI_ATPSELECTOPTIONTOOL,/sap/opu/odata/sap/UI_ATPSELECTOPTIONTOOL
200,ZC_SHPDASPLNDDELIVITEMSQRY_CDS,/sap/opu/odata/sap/C_SHPDASPLNDDELIVITEMSQRY_CDS
200,ZEHHSS_ASSIGN_RISKS_SRV,/sap/opu/odata/sap/EHHSS_ASSIGN_RISKS_SRV
200,ZFCO_INTERNAL_ORDER_SRV,/sap/opu/odata/sap/FCO_INTERNAL_ORDER_SRV
200,ZSD_SALESPLAN,/sap/opu/odata/sap/SD_SALESPLAN
200,ZFAR_DISP_PROCESS_FLOW_SRV,/sap/opu/odata/sap/FAR_DISP_PROCESS_FLOW_SRV
200,ZFCO_MANAGE_DRCT_ACTY_ALLOC_SRV,/sap/opu/odata/sap/FCO_MANAGE_DRCT_ACTY_ALLOC_SRV
200,ZMD_QC_PRODUCT_SRV,/sap/opu/odata/sap/MD_QC_PRODUCT_SRV
200,ZMM_PUR_WRKLOAD_REDIST_SRV,/sap/opu/odata/sap/MM_PUR_WRKLOAD_REDIST_SRV
200,ZATP_MANCHARCCATALOG,/sap/opu/odata/sap/ATP_MANCHARCCATALOG
200,ZUI_LO_SETMAN_PSDOC_MAN,/sap/opu/odata/sap/UI_LO_SETMAN_PSDOC_MAN
200,ZFAR_ASSIGN_OPEN_ITEMS_SRV,/sap/opu/odata/sap/FAR_ASSIGN_OPEN_ITEMS_SRV
200,ZATP_MANPRODALLOCPLNGDATA,/sap/opu/odata/sap/ATP_MANPRODALLOCPLNGDATA
200,ZC_INCIDENTSTATUSEXCLVOID_CDS,/sap/opu/odata/sap/C_INCIDENTSTATUSEXCLVOID_CDS
200,ZC_INCIDENTQUERY_CDS,/sap/opu/odata/sap/C_INCIDENTQUERY_CDS
200,ZQM_INSPLOTMNG_SRV,/sap/opu/odata/sap/QM_INSPLOTMNG_SRV
200,ZLCM_CONTEXT_MANAGE_SRV,/sap/opu/odata/sap/LCM_CONTEXT_MANAGE_SRV
200,ZC_DELIVITMPERFANLYTSQRY_CDS,/sap/opu/odata/sap/C_DELIVITMPERFANLYTSQRY_CDS
200,ZLO_VCHCLF_SIMULATION_SRV,/sap/opu/odata/sap/LO_VCHCLF_SIMULATION_SRV
200,ZC_INCIDENTTASKQUERY_CDS,/sap/opu/odata/sap/C_INCIDENTTASKQUERY_CDS
200,ZC_SAFETYOBSERVATIONGROUPQ_CDS,/sap/opu/odata/sap/C_SAFETYOBSERVATIONGROUPQ_CDS
200,ZC_INJURYILLNESSCASEQUERY_CDS,/sap/opu/odata/sap/C_INJURYILLNESSCASEQUERY_CDS
200,ZC_INCIDENTCASEQUERY_CDS,/sap/opu/odata/sap/C_INCIDENTCASEQUERY_CDS
200,ZC_INCIDENTASSETCASEQUERY_CDS,/sap/opu/odata/sap/C_INCIDENTASSETCASEQUERY_CDS
200,ZFAC_FLEXIBLE_HIERARCHY_SRV,/sap/opu/odata/sap/FAC_FLEXIBLE_HIERARCHY_SRV
200,ZC_INCIDENTGROUPQUERY_CDS,/sap/opu/odata/sap/C_INCIDENTGROUPQUERY_CDS
200,ZLCM_DOCUMENT_MANAGE,/sap/opu/odata/sap/LCM_DOCUMENT_MANAGE
200,ZMPE_MATERIAL_POVER,/sap/opu/odata/sap/MPE_MATERIAL_POVER
200,ZSD_F2337_EBDR_FS_SRV,/sap/opu/odata/sap/SD_F2337_EBDR_FS_SRV
200,ZC_INCIDENTRELEASECASEQUERY_CDS,/sap/opu/odata/sap/C_INCIDENTRELEASECASEQUERY_CDS
500,ZANA_PAI_REPOSITORY_SRV,/sap/opu/odata/sap/ANA_PAI_REPOSITORY_SRV
200,ZO2C_FICA_PAYMENT_SEARCH,/sap/opu/odata/sap/O2C_FICA_PAYMENT_SEARCH
200,ZC_INCIDENTNTCOFVIOLTNCASEQ_CDS,/sap/opu/odata/sap/C_INCIDENTNTCOFVIOLTNCASEQ_CDS
200,ZC_INCIDENTDAMAGECASEQUERY_CDS,/sap/opu/odata/sap/C_INCIDENTDAMAGECASEQUERY_CDS
200,ZC_PURGSPENDCOMPRN_CDS,/sap/opu/odata/sap/C_PURGSPENDCOMPRN_CDS
200,ZMMIM_DEADSTOCKMATERIAL_SRV,/sap/opu/odata/sap/MMIM_DEADSTOCKMATERIAL_SRV
200,ZMM_PUR_QTN_COMPARE_SRV,/sap/opu/odata/sap/MM_PUR_QTN_COMPARE_SRV
200,ZQM_INSPLOT_OBJECTPAGE_SRV,/sap/opu/odata/sap/QM_INSPLOT_OBJECTPAGE_SRV
200,ZSD_EBDR_MANAGE_SRV,/sap/opu/odata/sap/SD_EBDR_MANAGE_SRV
200,ZEHHSS_IM_INV_TASK_LIST_SRV,/sap/opu/odata/sap/EHHSS_IM_INV_TASK_LIST_SRV
200,ZRFM_SITE_OP_SRV,/sap/opu/odata/sap/RFM_SITE_OP_SRV
200,ZQM_INSPUSGDSC_MANAGE_SRV,/sap/opu/odata/sap/QM_INSPUSGDSC_MANAGE_SRV
200,ZO2C_FICA_CUSTOMERFO_SRV,/sap/opu/odata/sap/O2C_FICA_CUSTOMERFO_SRV
200,ZMPE_MANAGE_PRODVER_SRV,/sap/opu/odata/sap/MPE_MANAGE_PRODVER_SRV
200,ZSD_BIL_DOC_LIST_MANAGE_SRV,/sap/opu/odata/sap/SD_BIL_DOC_LIST_MANAGE_SRV
200,ZSD_BIL_DOC_LIST_OBJPG_SRV,/sap/opu/odata/sap/SD_BIL_DOC_LIST_OBJPG_SRV
200,ZMM_PUR_PO_SPEND_ANALYSIS,/sap/opu/odata/sap/MM_PUR_PO_SPEND_ANALYSIS
200,ZC_NEARMISSGROUPQUERY_CDS,/sap/opu/odata/sap/C_NEARMISSGROUPQUERY_CDS
200,ZPP_DD_MASSMAINTPROD_SRV,/sap/opu/odata/sap/PP_DD_MASSMAINTPROD_SRV
200,ZPLMI_RECIPE_ANALYSIS_HEADER,/sap/opu/odata/sap/PLMI_RECIPE_ANALYSIS_HEADER
200,ZEHFND_SIMPLE_TDEF_SRV,/sap/opu/odata/sap/EHFND_SIMPLE_TDEF_SRV
200,ZC_TRANSPORDINVCGBLOCKSTSQ_CDS,/sap/opu/odata/sap/C_TRANSPORDINVCGBLOCKSTSQ_CDS
200,ZEHFND_TASK_INSTANCE_SRV,/sap/opu/odata/sap/EHFND_TASK_INSTANCE_SRV
200,ZPLMI_RECIPE_ANALYSIS_SIQTY,/sap/opu/odata/sap/PLMI_RECIPE_ANALYSIS_SIQTY
200,ZFAR_DOUBTFUL_ACCTS_VALUATION_SRV,/sap/opu/odata/sap/FAR_DOUBTFUL_ACCTS_VALUATION_SRV
200,ZPLMI_CHANGEMASTER_MANAGE,/sap/opu/odata/sap/PLMI_CHANGEMASTER_MANAGE
200,ZSD_F2651_CRT_CREATE_SRV,/sap/opu/odata/sap/SD_F2651_CRT_CREATE_SRV
200,ZSD_F2652_CRT_REFUND_SRV,/sap/opu/odata/sap/SD_F2652_CRT_REFUND_SRV
200,ZC_GLDAYSPYBLOUTSTDGINDRCT_CDS,/sap/opu/odata/sap/C_GLDAYSPYBLOUTSTDGINDRCT_CDS
200,ZMM_IM_PHYS_INV_MASS_CREATE_SRV_01,/sap/opu/odata/sap/MM_IM_PHYS_INV_MASS_CREATE_SRV_01
200,ZFAC_GL_MAINT_POSTING_PERIOD_SRV,/sap/opu/odata/sap/FAC_GL_MAINT_POSTING_PERIOD_SRV
200,ZFAC_GL_PPV_SRV,/sap/opu/odata/sap/FAC_GL_PPV_SRV
200,ZFAC_GL_OVP_SRV,/sap/opu/odata/sap/FAC_GL_OVP_SRV
200,ZSD_F2650_CRT_EDIT_SRV,/sap/opu/odata/sap/SD_F2650_CRT_EDIT_SRV
200,ZC_GLREVENUEEXPENSESOVW_CDS,/sap/opu/odata/sap/C_GLREVENUEEXPENSESOVW_CDS
200,ZATP_MONPRODALLOCORDITM,/sap/opu/odata/sap/ATP_MONPRODALLOCORDITM
200,ZATP_MONCHARCVALCOMBN,/sap/opu/odata/sap/ATP_MONCHARCVALCOMBN
200,ZATP_PRODALLOCOVERVIEW,/sap/opu/odata/sap/ATP_PRODALLOCOVERVIEW
200,ZSD_CRT_PROCFLOW_SRV,/sap/opu/odata/sap/SD_CRT_PROCFLOW_SRV
200,ZATP_MONPRODALLOCPERDS,/sap/opu/odata/sap/ATP_MONPRODALLOCPERDS
200,ZLE_SHP_QC_DLVREF_SRV,/sap/opu/odata/sap/LE_SHP_QC_DLVREF_SRV
200,ZMMIM_BATRMNGSLORPRDTE_SRV,/sap/opu/odata/sap/MMIM_BATRMNGSLORPRDTE_SRV
200,ZSD_F2583_SLSITMPRPSL_SRV,/sap/opu/odata/sap/SD_F2583_SLSITMPRPSL_SRV
200,ZLO_VCHCLF_GROUP_MAINTAIN_SRV,/sap/opu/odata/sap/LO_VCHCLF_GROUP_MAINTAIN_SRV
200,ZQM_INSPLOTDEF_ANALYZE_SRV,/sap/opu/odata/sap/QM_INSPLOTDEF_ANALYZE_SRV
200,ZQM_QLTYTASK_MANAGE_SRV,/sap/opu/odata/sap/QM_QLTYTASK_MANAGE_SRV
200,ZMMIM_INVANALYST_OVP_SRV,/sap/opu/odata/sap/MMIM_INVANALYST_OVP_SRV
200,ZQM_MLTPLRR_SRV,/sap/opu/odata/sap/QM_MLTPLRR_SRV
200,ZC_CNTRLPURCHASINGSPEND_CDS,/sap/opu/odata/sap/C_CNTRLPURCHASINGSPEND_CDS
200,ZLE_SHP_QC_DLVNOREF_SRV,/sap/opu/odata/sap/LE_SHP_QC_DLVNOREF_SRV
200,ZFAC_POAC_RVW_WF_SRV,/sap/opu/odata/sap/FAC_POAC_RVW_WF_SRV
200,ZQM_INSPCHARCS_ANALYZE_SRV,/sap/opu/odata/sap/QM_INSPCHARCS_ANALYZE_SRV
200,ZPP_DD_BUFPOS_SRV,/sap/opu/odata/sap/PP_DD_BUFPOS_SRV
200,ZO2C_FICA_CORR_DISPLAY_SRV,/sap/opu/odata/sap/O2C_FICA_CORR_DISPLAY_SRV
200,ZO2C_FICA_PAYMENTLOT_SRCH_SRV,/sap/opu/odata/sap/O2C_FICA_PAYMENTLOT_SRCH_SRV
200,ZMM_PUR_SUBCONTRGORD_MNTR_SRV,/sap/opu/odata/sap/MM_PUR_SUBCONTRGORD_MNTR_SRV
200,ZFAC_CURRENCY_EXCHANGE_RATE_SRV,/sap/opu/odata/sap/FAC_CURRENCY_EXCHANGE_RATE_SRV
200,ZQM_SUBSET_RR_SRV,/sap/opu/odata/sap/QM_SUBSET_RR_SRV
200,ZFAC_GL_ACCOUNT_BALANCE_SRV,/sap/opu/odata/sap/FAC_GL_ACCOUNT_BALANCE_SRV
500,ZANA_PAI_PS_SRV,/sap/opu/odata/sap/ANA_PAI_PS_SRV
200,ZFAC_WHERE_USED_PROFIT_CENTERS_SRV,/sap/opu/odata/sap/FAC_WHERE_USED_PROFIT_CENTERS_SRV
200,ZO2C_FICA_PAYMENTRUN_SRCH_SRV,/sap/opu/odata/sap/O2C_FICA_PAYMENTRUN_SRCH_SRV
200,ZMMIM_STKKPITIMESERIESCOMPRN_SRV,/sap/opu/odata/sap/MMIM_STKKPITIMESERIESCOMPRN_SRV
200,ZMM_PUR_SE_SCORE_HIS_SRV,/sap/opu/odata/sap/MM_PUR_SE_SCORE_HIS_SRV
200,ZFAC_PROFIT_CENTER_CHANGLOG,/sap/opu/odata/sap/FAC_PROFIT_CENTER_CHANGLOG
200,ZFAC_MANAGE_PROFIT_CENTERS_SRV,/sap/opu/odata/sap/FAC_MANAGE_PROFIT_CENTERS_SRV
200,ZC_WRKFLWREQNAVGAPPRVLTIME_CDS,/sap/opu/odata/sap/C_WRKFLWREQNAVGAPPRVLTIME_CDS
200,ZC_EWM_WHSEORDEROVPGQ_2_CDS,/sap/opu/odata/sap/C_EWM_WHSEORDEROVPGQ_2_CDS
200,ZC_EWM_WAREHOUSETASKOVPGQ_2_CDS,/sap/opu/odata/sap/C_EWM_WAREHOUSETASKOVPGQ_2_CDS
200,ZC_EWM_ODOOVPGQ_2_CDS,/sap/opu/odata/sap/C_EWM_ODOOVPGQ_2_CDS
200,ZRSH_SB_MAINTENANCE_ORDER,/sap/opu/odata/sap/RSH_SB_MAINTENANCE_ORDER
200,ZLCM_TASK_MANAGE,/sap/opu/odata/sap/LCM_TASK_MANAGE
200,ZEHS_PMA_MKT_INFO_SRV,/sap/opu/odata/sap/EHS_PMA_MKT_INFO_SRV
200,ZC_PURCHASINGCATEGORYTRANST_SRV,/sap/opu/odata/sap/C_PURCHASINGCATEGORYTRANST_SRV
200,ZPPDS_RES_SCHEDULE,/sap/opu/odata/sap/PPDS_RES_SCHEDULE
200,ZJ_1BNFE_CONTINGENCY_SRV,/sap/opu/odata/sap/J_1BNFE_CONTINGENCY_SRV
200,ZC_SUPPLIERACTIVITYTASKMONITOR_SRV,/sap/opu/odata/sap/C_SUPPLIERACTIVITYTASKMONITOR_SRV
200,ZC_FREIGHTSETTLEMENTCOSTQ_CDS,/sap/opu/odata/sap/C_FREIGHTSETTLEMENTCOSTQ_CDS
200,ZC_RECORDABLEINJRYILLNCASEQ_CDS,/sap/opu/odata/sap/C_RECORDABLEINJRYILLNCASEQ_CDS
200,ZC_BR_VERIFYNFS_CDS,/sap/opu/odata/sap/C_BR_VERIFYNFS_CDS
200,ZRSH_EAM_ORDER_GANTT_SRV,/sap/opu/odata/sap/RSH_EAM_ORDER_GANTT_SRV
200,ZC_BR_VERIFYCTE_CDS,/sap/opu/odata/sap/C_BR_VERIFYCTE_CDS
200,ZC_SUPLREVALQNAIREMANAGEST_SRV,/sap/opu/odata/sap/C_SUPLREVALQNAIREMANAGEST_SRV
200,ZC_SUPLREVALTEMPLATEMANAGEST_SRV,/sap/opu/odata/sap/C_SUPLREVALTEMPLATEMANAGEST_SRV
200,ZC_ARBANKSTMTREPROCESSING_CDS,/sap/opu/odata/sap/C_ARBANKSTMTREPROCESSING_CDS
200,ZC_PURCHASECONTRACTEXPIRY_CDS,/sap/opu/odata/sap/C_PURCHASECONTRACTEXPIRY_CDS
200,ZC_EHSRISKOVERVIEWQ_CDS,/sap/opu/odata/sap/C_EHSRISKOVERVIEWQ_CDS
200,ZC_SUPLREVALSCORECARDDISPLAY_SRV,/sap/opu/odata/sap/C_SUPLREVALSCORECARDDISPLAY_SRV
200,ZC_REQUISITIONTYPEANALYSIS_CDS,/sap/opu/odata/sap/C_REQUISITIONTYPEANALYSIS_CDS
200,ZC_VALUECONTRACTCNSMPN_CDS,/sap/opu/odata/sap/C_VALUECONTRACTCNSMPN_CDS
200,ZC_QUANTITYCONTRACTCNSMPN_CDS,/sap/opu/odata/sap/C_QUANTITYCONTRACTCNSMPN_CDS
200,ZC_REQUISITIONCHANGE_CDS,/sap/opu/odata/sap/C_REQUISITIONCHANGE_CDS
200,ZC_REQNAVGAPPROVALTIME_CDS,/sap/opu/odata/sap/C_REQNAVGAPPROVALTIME_CDS
200,ZC_PURORDAVGDELIVTIME_CDS,/sap/opu/odata/sap/C_PURORDAVGDELIVTIME_CDS
200,ZC_PURCHASINGGROUPANALYSIS_CDS,/sap/opu/odata/sap/C_PURCHASINGGROUPANALYSIS_CDS
200,ZC_OVERDUEPO_CDS,/sap/opu/odata/sap/C_OVERDUEPO_CDS
200,ZC_SUPLRCOMPRNVIAPURVALS_CDS,/sap/opu/odata/sap/C_SUPLRCOMPRNVIAPURVALS_CDS
200,ZC_PURCHASECONTRACTLEAKAGE_CDS,/sap/opu/odata/sap/C_PURCHASECONTRACTLEAKAGE_CDS
200,ZC_UNUSEDPURCHASECONTRACTQ_CDS,/sap/opu/odata/sap/C_UNUSEDPURCHASECONTRACTQ_CDS
200,ZC_REQNTOORDERCYCLETIME_CDS,/sap/opu/odata/sap/C_REQNTOORDERCYCLETIME_CDS
200,ZSD_F2369_INQY_FS_SRV,/sap/opu/odata/sap/SD_F2369_INQY_FS_SRV
200,ZRSH_EAM_RES_ASSIGNMENT_SRV,/sap/opu/odata/sap/RSH_EAM_RES_ASSIGNMENT_SRV
200,ZC_PURGMATLPRICECHANGE_CDS,/sap/opu/odata/sap/C_PURGMATLPRICECHANGE_CDS
200,ZPPDS_MRP_COCKPIT_SRV,/sap/opu/odata/sap/PPDS_MRP_COCKPIT_SRV
200,ZATP_RESPONSIBILITY_CONFIG,/sap/opu/odata/sap/ATP_RESPONSIBILITY_CONFIG
200,ZLE_SHP_RETURNS_DELIVERY_FS_SRV,/sap/opu/odata/sap/LE_SHP_RETURNS_DELIVERY_FS_SRV
200,ZLO_MONTHLY_UTILIZATION_SRV,/sap/opu/odata/sap/LO_MONTHLY_UTILIZATION_SRV
200,ZMM_PUR_OCI_SRV,/sap/opu/odata/sap/MM_PUR_OCI_SRV
200,ZC_OVERDUEACCTRBLS_CDS,/sap/opu/odata/sap/C_OVERDUEACCTRBLS_CDS
200,ZQM_SAMPLINGPROC_OBJECTPAGE_SRV,/sap/opu/odata/sap/QM_SAMPLINGPROC_OBJECTPAGE_SRV
200,ZC_OPENDISPPROCESSINGDAYS_CDS,/sap/opu/odata/sap/C_OPENDISPPROCESSINGDAYS_CDS
200,ZC_BR_VERIFYNOTAFISCAL_CDS,/sap/opu/odata/sap/C_BR_VERIFYNOTAFISCAL_CDS
200,ZSLC_ACTIVITY_COPILOT_SRV,/sap/opu/odata/sap/SLC_ACTIVITY_COPILOT_SRV
200,ZMM_PUR_QA_MAINTAIN,/sap/opu/odata/sap/MM_PUR_QA_MAINTAIN
200,ZPLMI_SPC_PACK_MANAGE,/sap/opu/odata/sap/PLMI_SPC_PACK_MANAGE
200,ZPLMI_SPC_STRM_MANAGE,/sap/opu/odata/sap/PLMI_SPC_STRM_MANAGE
200,ZPLMI_SPC_REAL_MANAGE,/sap/opu/odata/sap/PLMI_SPC_REAL_MANAGE
200,ZC_APOVRD_CDS,/sap/opu/odata/sap/C_APOVRD_CDS
200,ZPLMI_SPC_RAW_MANAGE,/sap/opu/odata/sap/PLMI_SPC_RAW_MANAGE
200,ZC_APFLEXIBLEAGING_CDS,/sap/opu/odata/sap/C_APFLEXIBLEAGING_CDS
200,ZCMD_HPC_NODE_CONTEXT_INFO,/sap/opu/odata/sap/CMD_HPC_NODE_CONTEXT_INFO
200,ZMMIM_STO_SRV,/sap/opu/odata/sap/MMIM_STO_SRV
200,ZC_MDPRODUCTHIERARCHYQUERY_CDS,/sap/opu/odata/sap/C_MDPRODUCTHIERARCHYQUERY_CDS
200,ZMM_SSP_RET_DELIVERY_SRV,/sap/opu/odata/sap/MM_SSP_RET_DELIVERY_SRV
200,ZATP_ASSGPRODTOPRODALLOC,/sap/opu/odata/sap/ATP_ASSGPRODTOPRODALLOC
200,ZFTR_POSTING_JOURNAL_SRV,/sap/opu/odata/sap/FTR_POSTING_JOURNAL_SRV
200,ZCDSALLVIEWS,/sap/opu/odata/sap/CDSALLVIEWS
200,ZATP_MANPRODALLOCSEQUENCE,/sap/opu/odata/sap/ATP_MANPRODALLOCSEQUENCE
200,ZC_EHSRISKATMYLOCATION_CDS,/sap/opu/odata/sap/C_EHSRISKATMYLOCATION_CDS
200,ZPLMI_SPECIFICATION_MANAGE,/sap/opu/odata/sap/PLMI_SPECIFICATION_MANAGE
000,ZFAC_MANAGE_POSTING_TMPL_SRV,/sap/opu/odata/sap/FAC_MANAGE_POSTING_TMPL_SRV
000,ZMD_SUPPLIER_MASTER_SRV,/sap/opu/odata/sap/MD_SUPPLIER_MASTER_SRV
200,ZMM_PUR_SEV_ADJSC,/sap/opu/odata/sap/MM_PUR_SEV_ADJSC
200,ZC_PROCMONKPIO2C_CDS,/sap/opu/odata/sap/C_PROCMONKPIO2C_CDS
200,ZC_DAYSSALESOUTSTANDING_CDS,/sap/opu/odata/sap/C_DAYSSALESOUTSTANDING_CDS
200,ZC_DAYSBEYONDTERMS_CDS,/sap/opu/odata/sap/C_DAYSBEYONDTERMS_CDS
200,ZEHHSS_MY_OPEN_CTRL_IMPLEM_SRV,/sap/opu/odata/sap/EHHSS_MY_OPEN_CTRL_IMPLEM_SRV
200,ZC_TOTALACCOUNTSRECEIVABLES_CDS,/sap/opu/odata/sap/C_TOTALACCOUNTSRECEIVABLES_CDS
200,ZC_FUTUREACCTRBLS_CDS,/sap/opu/odata/sap/C_FUTUREACCTRBLS_CDS
200,ZACCDET,/sap/opu/odata/sap/ACCDET
200,ZC_PROCMONFLOW_CDS,/sap/opu/odata/sap/C_PROCMONFLOW_CDS
200,ZMM_PUR_SOS_SRV,/sap/opu/odata/sap/MM_PUR_SOS_SRV
200,ZSD_CMR_PROCFLOW_SRV,/sap/opu/odata/sap/SD_CMR_PROCFLOW_SRV
200,ZC_DUNNINGLEVELDISTRIBUTION_CDS,/sap/opu/odata/sap/C_DUNNINGLEVELDISTRIBUTION_CDS
200,ZC_MYEHSRISKASSESSMENT_CDS,/sap/opu/odata/sap/C_MYEHSRISKASSESSMENT_CDS
200,ZLCM_CONTENT_REQUEST,/sap/opu/odata/sap/LCM_CONTENT_REQUEST
200,ZSD_F1815_CRT_FS_SRV,/sap/opu/odata/sap/SD_F1815_CRT_FS_SRV
200,ZSD_F1846_CMR_FS_SRV,/sap/opu/odata/sap/SD_F1846_CMR_FS_SRV
200,ZSD_F1848_DMR_FS_SRV,/sap/opu/odata/sap/SD_F1848_DMR_FS_SRV
200,ZSD_F1871_QUOT_FS_SRV,/sap/opu/odata/sap/SD_F1871_QUOT_FS_SRV
200,ZSD_F2026_CONTR_FS_SRV,/sap/opu/odata/sap/SD_F2026_CONTR_FS_SRV
200,ZC_PROCMONAGGPRC_CDS,/sap/opu/odata/sap/C_PROCMONAGGPRC_CDS
200,ZFAC_ACC_DETERMINATION_SRV,/sap/opu/odata/sap/FAC_ACC_DETERMINATION_SRV
200,ZQM_INFOREC_PROC_OBJECTPAGE_SRV,/sap/opu/odata/sap/QM_INFOREC_PROC_OBJECTPAGE_SRV
200,ZFTR_POS_FLOWS_SRV,/sap/opu/odata/sap/FTR_POS_FLOWS_SRV
200,ZQM_SAMPLE_OBJPAG_SRV,/sap/opu/odata/sap/QM_SAMPLE_OBJPAG_SRV
200,ZATP_CONFIGUREPRODALLOC,/sap/opu/odata/sap/ATP_CONFIGUREPRODALLOC
200,ZSD_BILLINGDOC_PROCFLOW_SRV,/sap/opu/odata/sap/SD_BILLINGDOC_PROCFLOW_SRV
200,ZATP_BOP_SEGMENT_SETUP,/sap/opu/odata/sap/ATP_BOP_SEGMENT_SETUP
200,ZQM_RR_SRV,/sap/opu/odata/sap/QM_RR_SRV
200,ZATP_BOP_VARIANT_SETUP,/sap/opu/odata/sap/ATP_BOP_VARIANT_SETUP
200,ZPLMI_RECIPE_MANAGE,/sap/opu/odata/sap/PLMI_RECIPE_MANAGE
200,ZC_MYCHEMICALAPPROVALSLIST_CDS,/sap/opu/odata/sap/C_MYCHEMICALAPPROVALSLIST_CDS
200,ZPLMI_LABEL_MANAGE,/sap/opu/odata/sap/PLMI_LABEL_MANAGE
200,ZUI_BILLINGDOCUMENTFS,/sap/opu/odata/sap/UI_BILLINGDOCUMENTFS
200,ZEHS_APPROVEDCHEMICALSLIST_SRV,/sap/opu/odata/sap/EHS_APPROVEDCHEMICALSLIST_SRV
200,ZATP_MONITOR_BOP_RUN,/sap/opu/odata/sap/ATP_MONITOR_BOP_RUN
200,ZPLMI_PRODUCT_STRUCTURE_SRV,/sap/opu/odata/sap/PLMI_PRODUCT_STRUCTURE_SRV
200,ZSD_CUSTOMER_INVOICES_MANAGE,/sap/opu/odata/sap/SD_CUSTOMER_INVOICES_MANAGE
200,ZMPE_PLANNEDORDER_OBJPG_SRV,/sap/opu/odata/sap/MPE_PLANNEDORDER_OBJPG_SRV
200,ZMPE_PPPIWORKCENTER_OBJPG_SRV,/sap/opu/odata/sap/MPE_PPPIWORKCENTER_OBJPG_SRV
200,ZMPE_WORKCENTER_OBJPG_SRV,/sap/opu/odata/sap/MPE_WORKCENTER_OBJPG_SRV
200,ZC_SUPLREVALQNAIRETRANST_SRV,/sap/opu/odata/sap/C_SUPLREVALQNAIRETRANST_SRV
200,ZMPE_PRODORDER_OBJPG_SRV,/sap/opu/odata/sap/MPE_PRODORDER_OBJPG_SRV
200,ZMPE_PROCESSORDER_OBJPG_SRV,/sap/opu/odata/sap/MPE_PROCESSORDER_OBJPG_SRV
000,ZFAR_DOWN_PAYMENT_REQUEST_MANAGE_SR,/sap/opu/odata/sap/FAR_DOWN_PAYMENT_REQUEST_MANAGE_SRV
200,ZC_SUPLREVALTEMPLATETRANST_SRV,/sap/opu/odata/sap/C_SUPLREVALTEMPLATETRANST_SRV
200,ZSD_F2187_CUST360_SRV,/sap/opu/odata/sap/SD_F2187_CUST360_SRV
200,ZMPE_PROCORDERCNF_OBJPG_SRV,/sap/opu/odata/sap/MPE_PROCORDERCNF_OBJPG_SRV
200,ZMPE_DOCUMENT_LIST_SRV,/sap/opu/odata/sap/MPE_DOCUMENT_LIST_SRV
200,ZMPE_CHANGE_RECORD_EXEC_SRV,/sap/opu/odata/sap/MPE_CHANGE_RECORD_EXEC_SRV
200,ZMPE_WORKCENTER_POVER,/sap/opu/odata/sap/MPE_WORKCENTER_POVER
200,ZMPE_PRODORDERCNF_OBJPG_SRV,/sap/opu/odata/sap/MPE_PRODORDERCNF_OBJPG_SRV
200,ZMPE_PRODOPER_POVER,/sap/opu/odata/sap/MPE_PRODOPER_POVER
200,ZMPE_PRODNORD_POVER,/sap/opu/odata/sap/MPE_PRODNORD_POVER
200,ZMPE_ORDER_SPECIFIC_ROUTING_SRV,/sap/opu/odata/sap/MPE_ORDER_SPECIFIC_ROUTING_SRV
200,ZMATPLANTPURSOURCELIST_SRV,/sap/opu/odata/sap/MATPLANTPURSOURCELIST_SRV
200,ZMPE_BUYOFFCYCLE_SRV,/sap/opu/odata/sap/MPE_BUYOFFCYCLE_SRV
200,ZQM_RESULT_HISTORY_SRV,/sap/opu/odata/sap/QM_RESULT_HISTORY_SRV
200,ZMPE_HOLD_SRV,/sap/opu/odata/sap/MPE_HOLD_SRV
200,ZMPE_EXEC_NON_CONFORMANCE_SRV,/sap/opu/odata/sap/MPE_EXEC_NON_CONFORMANCE_SRV
200,ZSD_F2303_SOWOC_FS_SRV,/sap/opu/odata/sap/SD_F2303_SOWOC_FS_SRV
200,ZPP_MPE_ORDER_MANAGE,/sap/opu/odata/sap/PP_MPE_ORDER_MANAGE
200,ZMPE_EXEC_RR_SRV,/sap/opu/odata/sap/MPE_EXEC_RR_SRV
200,ZEHHSS_IDENTIFY_RISKS_SRV,/sap/opu/odata/sap/EHHSS_IDENTIFY_RISKS_SRV
200,ZC_RESOLVEDDISPUTECASE_CDS,/sap/opu/odata/sap/C_RESOLVEDDISPUTECASE_CDS
200,ZC_OPENCLOSEDDISPUTECASE_CDS,/sap/opu/odata/sap/C_OPENCLOSEDDISPUTECASE_CDS
200,ZC_OPENDISPUTECASE_CDS,/sap/opu/odata/sap/C_OPENDISPUTECASE_CDS
200,ZFAR_DUNNING_HISTORY_SRV,/sap/opu/odata/sap/FAR_DUNNING_HISTORY_SRV
200,ZFAR_MY_DUNNING_PROPOSAL_SRV,/sap/opu/odata/sap/FAR_MY_DUNNING_PROPOSAL_SRV
200,ZPMRP_RECEIPT_SERVICE,/sap/opu/odata/sap/PMRP_RECEIPT_SERVICE
200,ZSD_F2499_CUSTOMER_MATERIAL_SRV,/sap/opu/odata/sap/SD_F2499_CUSTOMER_MATERIAL_SRV
200,ZC_COLLECTIONPROGRESSQ_CDS,/sap/opu/odata/sap/C_COLLECTIONPROGRESSQ_CDS
200,ZICA_MATCH_METHOD_SRV,/sap/opu/odata/sap/ICA_MATCH_METHOD_SRV
200,ZC_PROMISETOPAYOVERVIEW_CDS,/sap/opu/odata/sap/C_PROMISETOPAYOVERVIEW_CDS
200,ZICA_RECON_CASE_SRV,/sap/opu/odata/sap/ICA_RECON_CASE_SRV
200,ZC_OVERDUEINDISPUTE_CDS,/sap/opu/odata/sap/C_OVERDUEINDISPUTE_CDS
200,ZPLMI_SYNCUNITR2B_MANAGE,/sap/opu/odata/sap/PLMI_SYNCUNITR2B_MANAGE
200,ZICA_ASSIGNMENT_SRV,/sap/opu/odata/sap/ICA_ASSIGNMENT_SRV
200,ZICA_RECON_REPORT_SRV,/sap/opu/odata/sap/ICA_RECON_REPORT_SRV
200,ZICA_MATCHING_DOC_SRV,/sap/opu/odata/sap/ICA_MATCHING_DOC_SRV
200,ZPMRP_SUPPLYCHAIN_SERVICE,/sap/opu/odata/sap/PMRP_SUPPLYCHAIN_SERVICE
200,ZC_PLANNEDORDERS_CDS,/sap/opu/odata/sap/C_PLANNEDORDERS_CDS
200,ZC_CONVERTPLANNEDORDER_CDS,/sap/opu/odata/sap/C_CONVERTPLANNEDORDER_CDS
200,ZUI_SUPLRUSRDFNDCRITRA,/sap/opu/odata/sap/UI_SUPLRUSRDFNDCRITRA
200,ZPMRP_SIM_COMPONENT_SERVICE,/sap/opu/odata/sap/PMRP_SIM_COMPONENT_SERVICE
200,ZDFS_FE_FRCELMNTPOSSTRUC_SRV,/sap/opu/odata/sap/DFS_FE_FRCELMNTPOSSTRUC_SRV
200,ZDFS_FE_FRCELMNTPOSPEACETME_SRV,/sap/opu/odata/sap/DFS_FE_FRCELMNTPOSPEACETME_SRV
200,ZDFS_FE_FRCELMNTPOSWARTME_SRV,/sap/opu/odata/sap/DFS_FE_FRCELMNTPOSWARTME_SRV
200,ZMMIM_PI_CYC_MAINT_SRV,/sap/opu/odata/sap/MMIM_PI_CYC_MAINT_SRV
200,ZPP_WORKCENTER_GROUP_SRV,/sap/opu/odata/sap/PP_WORKCENTER_GROUP_SRV
200,ZPP_MPE_OPER_MANAGE,/sap/opu/odata/sap/PP_MPE_OPER_MANAGE
200,ZSD_SALES_ORDER_IMPORT,/sap/opu/odata/sap/SD_SALES_ORDER_IMPORT
200,ZMPE_OA_EXECUTION_SRV,/sap/opu/odata/sap/MPE_OA_EXECUTION_SRV
200,ZSD_SADEMAND,/sap/opu/odata/sap/SD_SADEMAND
200,ZFINS_ACDOC_PLAN_MANAGE_REVERSL_SRV,/sap/opu/odata/sap/FINS_ACDOC_PLAN_MANAGE_REVERSL_SRV
200,ZDFS_FMPO_HIERARCHY_SRV,/sap/opu/odata/sap/DFS_FMPO_HIERARCHY_SRV
200,ZMM_PUR_MYPURGDOCITEMS_SRV,/sap/opu/odata/sap/MM_PUR_MYPURGDOCITEMS_SRV
200,ZUI_C_DFS_ALLWNCPLAN,/sap/opu/odata/sap/UI_C_DFS_ALLWNCPLAN
200,ZDFS_FE_FRCELMNTORGNTWKGRAPH_SRV,/sap/opu/odata/sap/DFS_FE_FRCELMNTORGNTWKGRAPH_SRV
200,ZC_FLXMTPLOBJHIERARCHY_CDS,/sap/opu/odata/sap/C_FLXMTPLOBJHIERARCHY_CDS
200,ZUI_PURCHASEORDERACCRS_DSP,/sap/opu/odata/sap/UI_PURCHASEORDERACCRS_DSP
200,ZDFS_ASSGMT_FETOPROD_SRV,/sap/opu/odata/sap/DFS_ASSGMT_FETOPROD_SRV
200,ZUI_SUPPLYPROTECTION,/sap/opu/odata/sap/UI_SUPPLYPROTECTION
200,ZDFS_ASSGMT_FETOFMPO_SRV,/sap/opu/odata/sap/DFS_ASSGMT_FETOFMPO_SRV
200,ZQM_DEFECT_ANALYZE_SRV,/sap/opu/odata/sap/QM_DEFECT_ANALYZE_SRV
200,ZMM_PUR_ANA_SUPPLEVALOVERALL_SRV,/sap/opu/odata/sap/MM_PUR_ANA_SUPPLEVALOVERALL_SRV
200,ZDFS_FE_FRCELMNTORGPEACETME_SRV,/sap/opu/odata/sap/DFS_FE_FRCELMNTORGPEACETME_SRV
200,ZQM_DEFECT_MANAGE_SRV,/sap/opu/odata/sap/QM_DEFECT_MANAGE_SRV
200,ZQM_PROBSOLVPROC_EXECT_SRV,/sap/opu/odata/sap/QM_PROBSOLVPROC_EXECT_SRV
200,ZDFS_FE_FRCELMNTORGWARTME_SRV,/sap/opu/odata/sap/DFS_FE_FRCELMNTORGWARTME_SRV
200,ZPP_PROCESS_ORDER_MANAGE_SRV,/sap/opu/odata/sap/PP_PROCESS_ORDER_MANAGE_SRV
200,ZDFS_FE_FRCELMNTORGSTRUC_SRV,/sap/opu/odata/sap/DFS_FE_FRCELMNTORGSTRUC_SRV
200,ZSLL_PRODCLSFCTN_DSP,/sap/opu/odata/sap/SLL_PRODCLSFCTN_DSP
200,ZUI_C_DFS_ALLWNCREQ,/sap/opu/odata/sap/UI_C_DFS_ALLWNCREQ
200,ZSD_SA_EDIPROCGOPTN_WL,/sap/opu/odata/sap/SD_SA_EDIPROCGOPTN_WL
200,ZSD_SA_SOLDTOPARTYDETN_WL,/sap/opu/odata/sap/SD_SA_SOLDTOPARTYDETN_WL
200,ZC_RFQSOURCINGEVENTTYPES_CDS,/sap/opu/odata/sap/C_RFQSOURCINGEVENTTYPES_CDS
200,ZFML_UPLMATINVPR_SRV,/sap/opu/odata/sap/FML_UPLMATINVPR_SRV
200,ZDFS_FMPO_FLXMTPLOBJ_SRV,/sap/opu/odata/sap/DFS_FMPO_FLXMTPLOBJ_SRV
200,ZPP_FCDM_MASS_MAINT,/sap/opu/odata/sap/PP_FCDM_MASS_MAINT
200,ZC_SECURITYPRICEREPORTING_CDS,/sap/opu/odata/sap/C_SECURITYPRICEREPORTING_CDS
200,ZC_FXSPOTRATEDEVIATION_CDS,/sap/opu/odata/sap/C_FXSPOTRATEDEVIATION_CDS
200,ZC_FXSPOTRATEHISTORY_CDS,/sap/opu/odata/sap/C_FXSPOTRATEHISTORY_CDS
200,ZPP_MNTR_WRKCTR_SRV,/sap/opu/odata/sap/PP_MNTR_WRKCTR_SRV
200,ZC_MKTDATAREFINTRSTRATERPTG_CDS,/sap/opu/odata/sap/C_MKTDATAREFINTRSTRATERPTG_CDS
200,ZFTR_MD_SECPRICE_DEVIATION_SRV,/sap/opu/odata/sap/FTR_MD_SECPRICE_DEVIATION_SRV
200,ZC_FXSWAPRATEKEYDATE_CDS,/sap/opu/odata/sap/C_FXSWAPRATEKEYDATE_CDS
200,ZFTR_MD_GLOBAL_SRV_SRV,/sap/opu/odata/sap/FTR_MD_GLOBAL_SRV_SRV
200,ZEHFND_TASK_CALENDAR_SRV,/sap/opu/odata/sap/EHFND_TASK_CALENDAR_SRV
200,ZEHHSS_HSM_FSI_TEXT_SRV,/sap/opu/odata/sap/EHHSS_HSM_FSI_TEXT_SRV
200,ZUI_LO_SETMAN_PSDOC_MON,/sap/opu/odata/sap/UI_LO_SETMAN_PSDOC_MON
500,ZFARR_CONFLICTED_CONTRACT_WL_SRV,/sap/opu/odata/sap/FARR_CONFLICTED_CONTRACT_WL_SRV
200,ZRE_CN_CONTRACT_ODATA_SRV,/sap/opu/odata/sap/RE_CN_CONTRACT_ODATA_SRV
200,ZFCO_REASSIGN_COSTS_REVENUES_SRV,/sap/opu/odata/sap/FCO_REASSIGN_COSTS_REVENUES_SRV
200,ZEHHSS_HSM_HSI_INFO_SRV,/sap/opu/odata/sap/EHHSS_HSM_HSI_INFO_SRV
200,ZC_EWM_WAREHOUSEORDERQ_CDS,/sap/opu/odata/sap/C_EWM_WAREHOUSEORDERQ_CDS
200,ZC_PURORDOUTPUTAUTOMNRATE_CDS,/sap/opu/odata/sap/C_PURORDOUTPUTAUTOMNRATE_CDS
200,ZC_INVOICEINBOUNDAUTOMNRATE_CDS,/sap/opu/odata/sap/C_INVOICEINBOUNDAUTOMNRATE_CDS
200,ZO2C_FICA_BPITEMS_TRANSFER_SRV,/sap/opu/odata/sap/O2C_FICA_BPITEMS_TRANSFER_SRV
200,ZUI_RFM_SUPPLY_SORTRULE,/sap/opu/odata/sap/UI_RFM_SUPPLY_SORTRULE
200,ZUI_CADISCONNCNRECONNCN_MNT,/sap/opu/odata/sap/UI_CADISCONNCNRECONNCN_MNT
200,ZFIGL_EXT_RECON_SRV,/sap/opu/odata/sap/FIGL_EXT_RECON_SRV
200,ZFCO_STSTCL_KEY_FIG_VALUES_SRV,/sap/opu/odata/sap/FCO_STSTCL_KEY_FIG_VALUES_SRV
200,ZUI_C_DFS_MAINT_PLATFORM,/sap/opu/odata/sap/UI_C_DFS_MAINT_PLATFORM
200,ZEHFND_LOCATION_ROLES_SRV,/sap/opu/odata/sap/EHFND_LOCATION_ROLES_SRV
200,ZEHS_EM_IMPORTENVDATA_SRV,/sap/opu/odata/sap/EHS_EM_IMPORTENVDATA_SRV
200,ZRFM_ALIGNMENT_COMPARE_SRV,/sap/opu/odata/sap/RFM_ALIGNMENT_COMPARE_SRV
200,ZRFM_ALIGNMENT_DETAIL_SRV,/sap/opu/odata/sap/RFM_ALIGNMENT_DETAIL_SRV
200,ZFAC_MANAGE_POSTING_PERIOD,/sap/opu/odata/sap/FAC_MANAGE_POSTING_PERIOD
200,ZDFS_FE_FRCELMNTORG_SRV,/sap/opu/odata/sap/DFS_FE_FRCELMNTORG_SRV
200,ZEM_MONITORDATA_SRV,/sap/opu/odata/sap/EM_MONITORDATA_SRV
200,ZUI_O2C_FICA_DSPINTRST_O2,/sap/opu/odata/sap/UI_O2C_FICA_DSPINTRST_O2
200,ZEHFND_IMAGE,/sap/opu/odata/sap/EHFND_IMAGE
200,ZEHS_EM_MYDATACOLL_SRV,/sap/opu/odata/sap/EHS_EM_MYDATACOLL_SRV
200,ZUI_FCO_OVERHEAD_CALC_O2,/sap/opu/odata/sap/UI_FCO_OVERHEAD_CALC_O2
200,ZFARR_MANAGE_POSTPONED_RAI_SRV,/sap/opu/odata/sap/FARR_MANAGE_POSTPONED_RAI_SRV
200,ZEHHSS_MANAGE_INCIDENT_SRV,/sap/opu/odata/sap/EHHSS_MANAGE_INCIDENT_SRV
200,ZC_INJURYILLNLOGGROUPQUERY_CDS,/sap/opu/odata/sap/C_INJURYILLNLOGGROUPQUERY_CDS
200,ZEHHSS_INJ_ILL_LOG_SRV,/sap/opu/odata/sap/EHHSS_INJ_ILL_LOG_SRV
200,ZMM_PUR_CREATE_FOD_FROM_CQTN_SRV,/sap/opu/odata/sap/MM_PUR_CREATE_FOD_FROM_CQTN_SRV
200,ZC_INJURYILLNLOGCASEQUERY_CDS,/sap/opu/odata/sap/C_INJURYILLNLOGCASEQUERY_CDS
200,ZC_RAGLOBALFILTEROVW_CDS,/sap/opu/odata/sap/C_RAGLOBALFILTEROVW_CDS
200,ZC_RARECGDREVNTRENDOVW_CDS,/sap/opu/odata/sap/C_RARECGDREVNTRENDOVW_CDS
200,ZDFS_FE_REFFRCELMNTORG_SRV,/sap/opu/odata/sap/DFS_FE_REFFRCELMNTORG_SRV
200,ZC_RARECGDREVNBYQUARTEROVW_CDS,/sap/opu/odata/sap/C_RARECGDREVNBYQUARTEROVW_CDS
200,ZC_NMBROFRACONTRACTSBYSTS_CDS,/sap/opu/odata/sap/C_NMBROFRACONTRACTSBYSTS_CDS
200,ZC_RARECGDREVNBYFLFMTTYPE_CDS,/sap/opu/odata/sap/C_RARECGDREVNBYFLFMTTYPE_CDS
200,ZFARR_OVERVIEW_PAGE_SRV,/sap/opu/odata/sap/FARR_OVERVIEW_PAGE_SRV
200,ZUI_RFM_ALIGNMENT_MONITOR,/sap/opu/odata/sap/UI_RFM_ALIGNMENT_MONITOR
200,ZLE_JIT_POST_STOCK_TRANSFER_SRV,/sap/opu/odata/sap/LE_JIT_POST_STOCK_TRANSFER_SRV
200,ZMM_PUR_CQTN_MAINTAIN_SRV,/sap/opu/odata/sap/MM_PUR_CQTN_MAINTAIN_SRV
200,ZMM_PUR_CNTRLCTRMASS_UPDT_SRV,/sap/opu/odata/sap/MM_PUR_CNTRLCTRMASS_UPDT_SRV
500,ZFARP_MANAGE_INTEREST_RUNS_SRV,/sap/opu/odata/sap/FARP_MANAGE_INTEREST_RUNS_SRV
200,ZO2C_FICA_DOC_REVERSE_SRV,/sap/opu/odata/sap/O2C_FICA_DOC_REVERSE_SRV
200,ZC_US_EPCRASTKDETQUERY_CDS,/sap/opu/odata/sap/C_US_EPCRASTKDETQUERY_CDS
200,ZC_US_EPCRATIERONEQUERY_CDS,/sap/opu/odata/sap/C_US_EPCRATIERONEQUERY_CDS
200,ZDFS_POS_DEFENSEPOSITION_SRV,/sap/opu/odata/sap/DFS_POS_DEFENSEPOSITION_SRV
200,ZMM_PUR_REQ_CONF_GR_SRV,/sap/opu/odata/sap/MM_PUR_REQ_CONF_GR_SRV
200,ZSD_PRE_BIL_DUE_LIST_ITEM_SRV,/sap/opu/odata/sap/SD_PRE_BIL_DUE_LIST_ITEM_SRV
200,ZSD_MANAGE_SADVTNPRFL,/sap/opu/odata/sap/SD_MANAGE_SADVTNPRFL
200,ZUI_C_DFS_AUTHZDACTLCOMPRN,/sap/opu/odata/sap/UI_C_DFS_AUTHZDACTLCOMPRN
200,SD_F3014_SALESQUOT_WORKFLOW_SRV,/sap/opu/odata/sap/SD_F3014_SALESQUOT_WORKFLOW_SRV
200,ZFINS_BALANCE_AUDIT_TRAIL_ITEMS_SRV,/sap/opu/odata/sap/FINS_BALANCE_AUDIT_TRAIL_ITEMS_SRV
500,ZTARGET_TV_CDS,/sap/opu/odata/sap/ZTARGET_TV_CDS
500,ZCREATE_SO_SRV,/sap/opu/odata/sap/ZCREATE_SO_SRV
200,ZSD_CDS_050_CDS,/sap/opu/odata/sap/ZSD_CDS_050_CDS
200,ZAPI_GETBUPA_SRV,/sap/opu/odata/sap/ZAPI_GETBUPA_SRV
404,HRSFEC_PAYSLIP_PDF_SRV,/sap/opu/odata/sap/HRSFEC_PAYSLIP_PDF_SRV
500,ZSD_CDS_050_Q_CDS,/sap/opu/odata/sap/ZSD_CDS_050_Q_CDS
404,HRSFEC_PAY_RESULT_SRV,/sap/opu/odata/sap/HRSFEC_PAY_RESULT_SRV
500,SAP_BW_INA_SRV,/sap/opu/odata/sap/SAP_BW_INA_SRV
500,SR_APS_FLP_SETTINGS_ODATA_SRV,/sap/opu/odata/sap/SR_APS_FLP_SETTINGS_ODATA_SRV
500,SSB_UIAD_DESIGNTIME_SRV,/sap/opu/odata/sap/SSB_UIAD_DESIGNTIME_SRV
200,C_FTR_CL_UTIL_ANALYTICS_CDS,/sap/opu/odata/sap/C_FTR_CL_UTIL_ANALYTICS_CDS
200,ZPMRP_FLXBLCSTRT_UI_SERVICE,/sap/opu/odata/sap/PMRP_FLXBLCSTRT_UI_SERVICE
500,/BDTS/COMMAND_SRV,/sap/opu/odata/bdts/COMMAND_SRV
200,PP_EVALUATECAPACITY_SRV,/sap/opu/odata/sap/PP_EVALUATECAPACITY_SRV
200,ZUI_CACREDITWORTHINESS_MNG,/sap/opu/odata/sap/UI_CACREDITWORTHINESS_MNG
500,/BDTS/INSTALLED_SAP_NOTE_SRV,/sap/opu/odata/bdts/INSTALLED_SAP_NOTE_SRV
500,/BDTS/PRESEL_TAB_DATA_SRV,/sap/opu/odata/bdts/PRESEL_TAB_DATA_SRV
500,/BDTS/PRESEL_TAB_READ_NAME_SRV,/sap/opu/odata/bdts/PRESEL_TAB_READ_NAME_SRV
500,/BDTS/PRESEL_TASK_IS_CREATED_SRV,/sap/opu/odata/bdts/PRESEL_TASK_IS_CREATED_SRV
500,/BDTS/PRESEL_TASK_PORTION_SRV,/sap/opu/odata/bdts/PRESEL_TASK_PORTION_SRV
500,/BDTS/PRESEL_TASK_READ_STATUS_SRV,/sap/opu/odata/bdts/PRESEL_TASK_READ_STATUS_SRV
500,/BDTS/SOFTWARE_COMPONENT_SRV,/sap/opu/odata/bdts/SOFTWARE_COMPONENT_SRV
500,/BDTS/TABLE_FIELD_STRUCTUR_SRV,/sap/opu/odata/bdts/TABLE_FIELD_STRUCTUR_SRV
500,/IWFND/GWDEMO_SP2,/sap/opu/odata/iwbep/GWDEMO_SP2
500,/IWBEP/BATCH_AT_ONCE_TEST,/sap/opu/odata/iwbep/BATCH_AT_ONCE_TEST
500,/IWBEP/TEA_TEST_COMP_APP,/sap/opu/odata/iwbep/TEA_TEST_COMP_APP
500,/IWBEP/TEA_TEST_REUSE_APP,/sap/opu/odata/iwbep/TEA_TEST_REUSE_APP
500,/IWBEP/MESSAGE_TEXT,/sap/opu/odata/iwbep/MESSAGE_TEXT
500,/IWFND/SUBSCRIPTIONMANAGEMENT,/sap/opu/odata/iwbep/SUBSCRIPTIONMANAGEMENT;v=0002
200,/IWFND/SG_MED_CATALOG,/sap/opu/odata/iwfnd/CATALOGSERVICE;v=0002
200,ZFAC_ACE_POSTG_SRV,/sap/opu/odata/sap/FAC_ACE_POSTG_SRV
500,/IWFND/SG_MGW_NOTIF_STORE,/sap/opu/odata/iwfnd/NOTIFICATIONSTORE
200,/IWFND/SG_MED_CATALOG,/sap/opu/odata/iwfnd/CATALOGSERVICE
500,/IWFND/USAGEEXTRACTOR,/sap/opu/odata/iwfnd/USAGEEXTRACTOR
500,/IWPGW/TASKPROCESSING,/sap/opu/odata/iwpgw/TASKPROCESSING
200,/IWFND/SG_USER_SERVICE,/sap/opu/odata/iwfnd/USERSERVICE
200,/LTB/MIG_MC_ODATA_SRV,/sap/opu/odata/ltb/MIG_MC_ODATA_SRV
200,/IWPGW/TASKPROCESSING,/sap/opu/odata/iwpgw/TASKPROCESSING;v=0002
200,ZIHB_ACC_UPLOAD_SRV,/sap/opu/odata/pf1/IHB_ACC_UPLOAD_SRV
200,ZUI_CASECURITYDEPMGMTTP,/sap/opu/odata/sap/UI_CASECURITYDEPMGMTTP
200,ZUI_SLAWORKFLOW,/sap/opu/odata/pf1/UI_SLAWORKFLOW
200,ZFIORI_ANALYZER_SRV,/sap/opu/odata/pf1/FIORI_ANALYZER_SRV
200,ZFIORI_PAYBLOCK_SRV,/sap/opu/odata/pf1/FIORI_PAYBLOCK_SRV
200,EAM_OBJPG_MAINTITEM_SRV,/sap/opu/odata/sap/EAM_OBJPG_MAINTITEM_SRV
200,ZFIORI_CORR_SRV,/sap/opu/odata/pf1/FIORI_CORR_SRV
200,ZFIORI_CREATE_SRV,/sap/opu/odata/pf1/FIORI_CREATE_SRV
200,ZRSH_EAM_MAINT_ASSET_BOARD_SRV,/sap/opu/odata/sap/RSH_EAM_MAINT_ASSET_BOARD_SRV
200,ZFIORI_INBOX_SRV,/sap/opu/odata/pf1/FIORI_INBOX_SRV
200,ZUI_PAYMENTAGRMTWRKFLW,/sap/opu/odata/pf1/UI_PAYMENTAGRMTWRKFLW
200,/SCWM/SIMPLE_INB_PO_SRV,/sap/opu/odata/scwm/SIMPLE_INB_PO_SRV
500,/SCWM/USER_DEFAULTPARAMETER_SRV,/sap/opu/odata/scwm/USER_DEFAULTPARAMETER_SRV
200,/SCWM/SIMPLE_INB_DLV_SRV,/sap/opu/odata/scwm/SIMPLE_INB_DLV_SRV
200,ZSCENARIO_BUILDER_SRV,/sap/opu/odata/scmtms/SCENARIO_BUILDER_SRV
200,ZPICKCART_SRV,/sap/opu/odata/scwm/PICKCART_SRV
200,ZSIMPLE_OUTB_DLV_SRV,/sap/opu/odata/scwm/SIMPLE_OUTB_DLV_SRV
200,ZPICKLIST_PAPER_SRV,/sap/opu/odata/scwm/PICKLIST_PAPER_SRV
200,ZPACK_OUTBDLV_SRV,/sap/opu/odata/scwm/PACK_OUTBDLV_SRV
200,ZSIMPLE_OUTB_TU_SRV,/sap/opu/odata/scwm/SIMPLE_OUTB_TU_SRV
200,ZRECORD_INVENTORY_SRV,/sap/opu/odata/scwm/RECORD_INVENTORY_SRV
200,ZCUSTOMER_RETURNS_SRV,/sap/opu/odata/scwm/CUSTOMER_RETURNS_SRV
500,/SOMO/MA_ODATA_SRV,/sap/opu/odata/somo/MA_ODATA_SRV
200,ZWAREHOUSE_KPIS_SRV,/sap/opu/odata/scwm/WAREHOUSE_KPIS_SRV
200,ZSMART_BUSINESS_RUNTIME_SRV,/sap/opu/odata/ssb/SMART_BUSINESS_RUNTIME_SRV
404,/UCOM/MDX_DATA_CONT_SRV,/sap/opu/odata/ucom/MDX_DATA_CONT_SRV
200,/UI2/FDM_PAGE_RUNTIME_SRV,/sap/opu/odata/ui2/FDM_PAGE_RUNTIME_SRV
200,ZSB_MANAGE_SLA,/sap/opu/odata/pf1/SB_MANAGE_SLA
200,ZFIORI_REPAIR_SRV,/sap/opu/odata/pf1/FIORI_REPAIR_SRV
200,/UI2/FDM_PAGE_REPOSITORY_SRV,/sap/opu/odata/ui2/FDM_PAGE_REPOSITORY_SRV
200,/UI2/FDM_PAGE_REPOSITORY_CUST_SRV,/sap/opu/odata/ui2/FDM_PAGE_REPOSITORY_CUST_SRV
200,/UI2/FDM_VALUE_HELP_SRV,/sap/opu/odata/ui2/FDM_VALUE_HELP_SRV
200,/UI2/FDM_TRANSPORT_SRV,/sap/opu/odata/ui2/FDM_TRANSPORT_SRV
200,/UI2/FDM_SPACE_REPOSITORY_CUST_SRV,/sap/opu/odata/ui2/FDM_SPACE_REPOSITORY_CUST_SRV
200,ZSMART_BUSINESS_DESIGNTIME_SRV,/sap/opu/odata/ssb/SMART_BUSINESS_DESIGNTIME_SRV
200,ZINTEROP,/sap/opu/odata/ui2/INTEROP
200,ZPAGE_BUILDER_CONF,/sap/opu/odata/ui2/PAGE_BUILDER_CONF
200,ZPAGE_BUILDER_CUST,/sap/opu/odata/ui2/PAGE_BUILDER_CUST
200,ZPAGE_BUILDER_PERS,/sap/opu/odata/ui2/PAGE_BUILDER_PERS
500,ZEASY_ACCESS_MENU,/sap/opu/odata/ui2/EASY_ACCESS_MENU
200,ZTRANSPORT,/sap/opu/odata/ui2/TRANSPORT
500,ZUSER_MENU,/sap/opu/odata/ui2/USER_MENU
200,ZFIORI_MANAGE_SRV,/sap/opu/odata/pf1/FIORI_MANAGE_SRV
200,ZFIORI_PAYBATCH_SRV,/sap/opu/odata/pf1/FIORI_PAYBATCH_SRV
200,ZFTR_POSITION_VALUES_SRV,/sap/opu/odata/sap/FTR_POSITION_VALUES_SRV
200,ZFIORI_PAYRULE_SRV,/sap/opu/odata/pf1/FIORI_PAYRULE_SRV
