code,service,path,message
/IWFND/CM_COS/064,/BDTS/COMMAND_SRV,/sap/opu/odata/bdts/COMMAND_SRV,No System Alias found for Service '/BDTS/COMMAND_SRV_0001' and user 'KHUSHAL'
/IWFND/CM_COS/064,/BDTS/INSTALLED_SAP_NOTE_SRV,/sap/opu/odata/bdts/INSTALLED_SAP_NOTE_SRV,No System Alias found for Service '/BDTS/INSTALLED_SAP_NOTE_SRV_0001' and user 'KHUSHAL'
/IWFND/CM_COS/064,/BDTS/PRESEL_TAB_DATA_SRV,/sap/opu/odata/bdts/PRESEL_TAB_DATA_SRV,No System Alias found for Service '/BDTS/PRESEL_TAB_DATA_SRV_0001' and user 'KHUSHAL'
/IWFND/CM_COS/064,/BDTS/PRESEL_TAB_READ_NAME_SRV,/sap/opu/odata/bdts/PRESEL_TAB_READ_NAME_SRV,No System Alias found for Service '/BDTS/PRESEL_TAB_READ_NAME_SRV_0001' and user 'KHUSHAL'
/IWFND/CM_COS/064,/BDTS/PRESEL_TASK_IS_CREATED_SRV,/sap/opu/odata/bdts/PRESEL_TASK_IS_CREATED_SRV,No System Alias found for Service '/BDTS/PRESEL_TASK_IS_CREATED_SRV_0001' and user 'KHUSHAL'
/IWFND/CM_COS/064,/BDTS/PRESEL_TASK_PORTION_SRV,/sap/opu/odata/bdts/PRESEL_TASK_PORTION_SRV,No System Alias found for Service '/BDTS/PRESEL_TASK_PORTION_SRV_0001' and user 'KHUSHAL'
/IWFND/CM_COS/064,/BDTS/PRESEL_TASK_READ_STATUS_SRV,/sap/opu/odata/bdts/PRESEL_TASK_READ_STATUS_SRV,No System Alias found for Service '/BDTS/PRESEL_TASK_READ_STATUS_SRV_0001' and user 'KHUSHAL'
/IWFND/CM_COS/064,/BDTS/SOFTWARE_COMPONENT_SRV,/sap/opu/odata/bdts/SOFTWARE_COMPONENT_SRV,No System Alias found for Service '/BDTS/SOFTWARE_COMPONENT_SRV_0001' and user 'KHUSHAL'
/IWFND/CM_COS/064,/BDTS/TABLE_FIELD_STRUCTUR_SRV,/sap/opu/odata/bdts/TABLE_FIELD_STRUCTUR_SRV,No System Alias found for Service '/BDTS/TABLE_FIELD_STRUCTUR_SRV_0001' and user 'KHUSHAL'
/IWFND/CM_COS/064,/IWBEP/BATCH_AT_ONCE_TEST,/sap/opu/odata/iwbep/BATCH_AT_ONCE_TEST,No System Alias found for Service '/IWBEP/ZTEA_BATCH_AT_ONCE_0001' and user 'KHUSHAL'
/IWFND/CM_COS/064,/IWBEP/MESSAGE_TEXT,/sap/opu/odata/iwbep/MESSAGE_TEXT,No System Alias found for Service 'ZMESSAGE_TEXT_0001' and user 'KHUSHAL'
/IWFND/CM_COS/064,/IWBEP/TEA_TEST_COMP_APP,/sap/opu/odata/iwbep/TEA_TEST_COMP_APP,No System Alias found for Service '/IWBEP/TEA_TEST_COMP_APP_0001' and user 'KHUSHAL'
/IWFND/CM_COS/086,/IWBEP/TEA_TEST_REUSE_APP,/sap/opu/odata/iwbep/TEA_TEST_REUSE_APP,Direct execution of inherited service '/IWBEP/TEA_TEST_REUSE_APP_0001' is not allowed
/IWFND/CM_COS/064,/IWFND/GWDEMO_SP2,/sap/opu/odata/iwbep/GWDEMO_SP2,No System Alias found for Service '/IWFND/GWDEMO_SP2_0001' and user 'KHUSHAL'
/IWFND/CM_COS/064,/IWFND/SG_MGW_NOTIF_STORE,/sap/opu/odata/iwfnd/NOTIFICATIONSTORE,No System Alias found for Service '/IWFND/SG_MGW_NOTIF_STORE_0001' and user 'KHUSHAL'
/IWFND/CM_COS/064,/IWFND/SUBSCRIPTIONMANAGEMENT,/sap/opu/odata/iwbep/SUBSCRIPTIONMANAGEMENT;v=0002,No System Alias found for Service '/IWFND/SUBSCRIPTIONMANAGEMENT_0002' and user 'KHUSHAL'
/IWFND/CM_COS/064,/IWFND/USAGEEXTRACTOR,/sap/opu/odata/iwfnd/USAGEEXTRACTOR,No System Alias found for Service '/IWFND/USAGEEXTRACTOR_0001' and user 'KHUSHAL'
/IWFND/CM_COS/064,/IWPGW/TASKPROCESSING,/sap/opu/odata/iwpgw/TASKPROCESSING,No System Alias found for Service 'ZTASKPROCESSING_0001' and user 'KHUSHAL'
/IWFND/CM_COS/064,/SCWM/USER_DEFAULTPARAMETER_SRV,/sap/opu/odata/scwm/USER_DEFAULTPARAMETER_SRV,No System Alias found for Service 'ZUSER_DEFAULTPARAMETER_SRV_0001' and user 'KHUSHAL'
/IWFND/CM_COS/064,/SOMO/MA_ODATA_SRV,/sap/opu/odata/somo/MA_ODATA_SRV,No System Alias found for Service '/SOMO/MA_ODATA_SRV_0001' and user 'KHUSHAL'
/IWFND/CM_COS/064,ADT_SRV,/sap/opu/odata/sap/ADT_SRV,No System Alias found for Service 'ADT_0001' and user 'KHUSHAL'
/IWFND/CM_COS/064,API_SALES_ORDER_SRV,/sap/opu/odata/sap/API_SALES_ORDER_SRV,No System Alias found for Service 'ZAPI_SALES_ORDER_SRV_0001' and user 'KHUSHAL'
/IWFND/CM_COS/064,API_SALES_QUOTATION_SRV,/sap/opu/odata/sap/API_SALES_QUOTATION_SRV,No System Alias found for Service 'ZAPI_SALES_QUOTATION_SRV_0001' and user 'KHUSHAL'
/IWFND/CM_COS/064,BSANLY_APF_RUNTIME_SRV,/sap/opu/odata/sap/BSANLY_APF_RUNTIME_SRV,No System Alias found for Service 'ZBSANLY_APF_RUNTIME_SRV_0001' and user 'KHUSHAL'
/IWFND/CM_COS/064,C_BILLGPROCDOCWORKFLOWVH_CDS,/sap/opu/odata/sap/C_BILLGPROCDOCWORKFLOWVH_CDS,No System Alias found for Service 'ZC_BILLGPROCDOCWORKFLOWVH_CDS_0001' and user 'KHUSHAL'
/IWFND/CM_COS/064,C_LQDYFORECASTOVERVIEW_CDS,/sap/opu/odata/sap/C_LQDYFORECASTOVERVIEW_CDS,No System Alias found for Service 'ZC_LQDYFORECASTOVERVIEW_CDS_0001' and user 'KHUSHAL'
/IWFND/CM_COS/064,C_MAINTOBJBREAKDOWNQUERY_CDS,/sap/opu/odata/sap/C_MAINTOBJBREAKDOWNQUERY_CDS,No System Alias found for Service 'ZC_MAINTOBJBREAKDOWNQUERY_CDS_0001' and user 'KHUSHAL'
/IWFND/CM_COS/064,EAM_BACKLOG_MANAGE,/sap/opu/odata/sap/EAM_BACKLOG_MANAGE,No System Alias found for Service 'ZEAM_BACKLOG_MANAGE_0001' and user 'KHUSHAL'
/IWFND/CM_COS/064,EAM_OBJPG_PURCH_SRV,/sap/opu/odata/sap/EAM_OBJPG_PURCH_SRV,No System Alias found for Service 'ZEAM_OBJPG_PURCH_SRV_0001' and user 'KHUSHAL'
/IWFND/CM_COS/064,EAM_ORDER_ACTUALCOST_MONITOR,/sap/opu/odata/sap/EAM_ORDER_ACTUALCOST_MONITOR,No System Alias found for Service 'ZEAM_ORDER_ACTUALCOST_MONITOR_0001' and user 'KHUSHAL'
/IWFND/CM_COS/064,EAM_ORD_MASS_CONFIRMATION_SRV,/sap/opu/odata/sap/EAM_ORD_MASS_CONFIRMATION_SRV,No System Alias found for Service 'ZEAM_ORD_MASS_CONFIRMATION_SRV_0001' and user 'KHUSHAL'
/IWFND/CM_COS/064,EAM_PLNGBUCKET_MANAGE,/sap/opu/odata/sap/EAM_PLNGBUCKET_MANAGE,No System Alias found for Service 'ZEAM_PLNGBUCKET_MANAGE_0001' and user 'KHUSHAL'
/IWFND/CM_COS/064,GFD_CONFIG_SRV,/sap/opu/odata/sap/GFD_CONFIG_SRV,No System Alias found for Service 'GFD_CONFIG_SRV_0001' and user 'KHUSHAL'
/IWFND/CM_COS/064,HRSFEC_ECP_INFO_SRV,/sap/opu/odata/sap/HRSFEC_ECP_INFO_SRV,No System Alias found for Service 'HRSFEC_ECP_INFO_SRV_0001' and user 'KHUSHAL'
/IWFND/CM_COS/064,HRSFEC_INFOTYPE_SRV,/sap/opu/odata/sap/HRSFEC_INFOTYPE_SRV,No System Alias found for Service 'HRSFEC_INFOTYPE_SRV_0001' and user 'KHUSHAL'
/IWFND/CM_COS/064,HRSFEC_PAYCTRL_REC_SRV,/sap/opu/odata/sap/HRSFEC_PAYCTRL_REC_SRV,No System Alias found for Service 'HRSFEC_PAYCTRL_REC_SRV_0001' and user 'KHUSHAL'
/IWFND/CM_COS/064,HRSFEC_PAY_OVERVIEW_SRV,/sap/opu/odata/sap/HRSFEC_PAY_OVERVIEW_SRV,No System Alias found for Service 'HRSFEC_PAY_OVERVIEW_SRV_0001' and user 'KHUSHAL'
/IWFND/CM_COS/064,LE_SHP_DELIVERY_PICK,/sap/opu/odata/sap/LE_SHP_DELIVERY_PICK,No System Alias found for Service 'ZLE_SHP_DELIVERY_PICK_0001' and user 'KHUSHAL'
/IWFND/CM_COS/064,LE_SHP_INBOUND_DELIVERY_OBJPG_SRV,/sap/opu/odata/sap/LE_SHP_INBOUND_DELIVERY_OBJPG_SRV,No System Alias found for Service 'ZLE_SHP_INBOUND_DELIVERY_OBJPG_SRV_0001' and user 'KHUSHAL'
/IWFND/CM_COS/002,LE_SHP_OD_CREATE_SRV,/sap/opu/odata/sap/LE_SHP_OD_CREATE_SRV,System alias '' does not exist
/IWFND/CM_COS/064,LE_SHP_OD_LOGS_SRV,/sap/opu/odata/sap/LE_SHP_OD_LOGS_SRV,No System Alias found for Service 'ZLE_SHP_OD_LOGS_SRV_0001' and user 'KHUSHAL'
/IWFND/CM_COS/064,LE_SHP_OUTBOUND_DELIVERY_FS,/sap/opu/odata/sap/LE_SHP_OUTBOUND_DELIVERY_FS,No System Alias found for Service 'ZLE_SHP_OUTBOUND_DELIVERY_FS_0001' and user 'KHUSHAL'
/IWFND/CM_COS/064,MM_PUR_REQUIREMENT_TRACKING_SRV,/sap/opu/odata/sap/MM_PUR_REQUIREMENT_TRACKING_SRV,No System Alias found for Service 'ZMM_PUR_REQUIREMENT_TRACKING_SRV_0001' and user 'KHUSHAL'
/IWFND/CM_COS/064,MM_SUPPLIER_INVOICE_MANAGE,/sap/opu/odata/sap/MM_SUPPLIER_INVOICE_MANAGE,No System Alias found for Service 'ZMM_SUPPLIER_INVOICE_MANAGE_0001' and user 'KHUSHAL'
/IWFND/CM_COS/064,PIQ_LPD_ADVISOR_SRV,/sap/opu/odata/sap/PIQ_LPD_ADVISOR_SRV,No System Alias found for Service 'PIQ_LPD_ADVISOR_SRV_0001' and user 'KHUSHAL'
/IWFND/CM_COS/064,PIQ_LPD_DEG_REQ_SRV,/sap/opu/odata/sap/PIQ_LPD_DEG_REQ_SRV,No System Alias found for Service 'PIQ_LPD_DEG_REQ_SRV_0001' and user 'KHUSHAL'
/IWFND/CM_COS/064,PIQ_REQUEST_SRV,/sap/opu/odata/sap/PIQ_REQUEST_SRV,No System Alias found for Service 'PIQ_REQUEST_SRV_0001' and user 'KHUSHAL'
/IWFND/CM_COS/064,PYC_CFG_SRV,/sap/opu/odata/sap/PYC_CFG_SRV,No System Alias found for Service 'PYC_CFG_SRV_0001' and user 'KHUSHAL'
/IWFND/CM_COS/064,PYC_CFG_VR_SRV,/sap/opu/odata/sap/PYC_CFG_VR_SRV,No System Alias found for Service 'PYC_CFG_VR_SRV_0001' and user 'KHUSHAL'
/IWFND/CM_COS/064,PYC_CONT_SRV,/sap/opu/odata/sap/PYC_CONT_SRV,No System Alias found for Service 'PYC_CONT_SRV_0001' and user 'KHUSHAL'
/IWFND/CM_COS/064,PYC_KPI_CONFIG_1_SRV,/sap/opu/odata/sap/PYC_KPI_CONFIG_1_SRV,No System Alias found for Service 'PYC_KPI_CONFIG_1_SRV_0001' and user 'KHUSHAL'
/IWFND/CM_COS/064,PYD_CONT_SRV,/sap/opu/odata/sap/PYD_CONT_SRV,No System Alias found for Service 'PYD_CONT_SRV_0001' and user 'KHUSHAL'
/IWFND/CM_COS/064,PYD_FRW_SRV,/sap/opu/odata/sap/PYD_FRW_SRV,No System Alias found for Service 'PYD_FRW_SRV_0001' and user 'KHUSHAL'
/IWFND/CM_COS/064,SAP_BW_INA_SRV,/sap/opu/odata/sap/SAP_BW_INA_SRV,No System Alias found for Service 'SAP_BW_INA_SRV_0001' and user 'KHUSHAL'
NO_CODE,SBLE_BADI_CTX_REGISTRY_SRV,/sap/opu/odata/sap/SBLE_BADI_CTX_REGISTRY_SRV,No service found for namespace /SAP/; name SBLE_BADI_CTX_REGISTRY_SRV; version 0001
/IWFND/CM_COS/064,SD_CUSTRET_WORKFLOW_SRV,/sap/opu/odata/sap/SD_CUSTRET_WORKFLOW_SRV,No System Alias found for Service 'ZSD_CUSTRET_WORKFLOW_SRV_0001' and user 'KHUSHAL'
/IWFND/CM_COS/064,SD_DEBITMEMOREQ_WORKFLOW_SRV,/sap/opu/odata/sap/SD_DEBITMEMOREQ_WORKFLOW_SRV,No System Alias found for Service 'ZSD_DEBITMEMOREQ_WORKFLOW_SRV_0001' and user 'KHUSHAL'
/IWFND/CM_COS/064,SD_F3014_CMR_WORKFLOW_SRV,/sap/opu/odata/sap/SD_F3014_CMR_WORKFLOW_SRV,No System Alias found for Service 'ZSD_F3014_CMR_WORKFLOW_SRV_0001' and user 'KHUSHAL'
/IWFND/CM_COS/064,SD_SLSORDWTHOUTCHRG_WORKFLOW_SRV,/sap/opu/odata/sap/SD_SLSORDWTHOUTCHRG_WORKFLOW_SRV,No System Alias found for Service 'ZSD_SLSORDWTHOUTCHRG_WORKFLOW_SRV_0001' and user 'KHUSHAL'
/IWFND/CM_COS/064,SLL_PROD_CMDTYCD_CLASSIFY,/sap/opu/odata/sap/SLL_PROD_CMDTYCD_CLASSIFY,No System Alias found for Service 'ZSLL_PROD_CMDTYCD_CLASSIFY_0001' and user 'KHUSHAL'
/IWFND/CM_COS/064,SLL_PROD_CMDTYCD_RECLASSIFY,/sap/opu/odata/sap/SLL_PROD_CMDTYCD_RECLASSIFY,No System Alias found for Service 'ZSLL_PROD_CMDTYCD_RECLASSIFY_0001' and user 'KHUSHAL'
/IWFND/CM_COS/064,SLL_PROD_LEGCTRL_CLASSIFY,/sap/opu/odata/sap/SLL_PROD_LEGCTRL_CLASSIFY,No System Alias found for Service 'ZSLL_PROD_LEGCTRL_CLASSIFY_0001' and user 'KHUSHAL'
/IWFND/CM_COS/064,SR_APS_FLP_SETTINGS_ODATA_SRV,/sap/opu/odata/sap/SR_APS_FLP_SETTINGS_ODATA_SRV,No System Alias found for Service 'SR_APS_FLP_SETTINGS_ODATA_SRV_0001' and user 'KHUSHAL'
/IWFND/CM_COS/064,SSB_UIAD_DESIGNTIME_SRV,/sap/opu/odata/sap/SSB_UIAD_DESIGNTIME_SRV,No System Alias found for Service 'SSB_UIAD_DESIGNTIME_SRV_0001' and user 'KHUSHAL'
/IWFND/CM_COS/064,TSW_MYEVENTS_SRV,/sap/opu/odata/sap/TSW_MYEVENTS_SRV,No System Alias found for Service 'TSW_MYEVENTS_SRV_0001' and user 'KHUSHAL'
/IWFND/CM_COS/064,TSW_MYNOMINATIONS_SRV_01,/sap/opu/odata/sap/TSW_MYNOMINATIONS_SRV_01,No System Alias found for Service 'TSW_MYNOMINATIONS_SRV_01_0001' and user 'KHUSHAL'
/IWFND/CM_COS/064,TSW_REGIONAL_INVENTORY_SRV_01,/sap/opu/odata/sap/TSW_REGIONAL_INVENTORY_SRV_01,No System Alias found for Service 'TSW_REGIONAL_INVENTORY_SRV_01_0001' and user 'KHUSHAL'
/IWFND/CM_COS/064,UI_SRCGPROJNEGTTN_MANAGE,/sap/opu/odata/sap/UI_SRCGPROJNEGTTN_MANAGE,No System Alias found for Service 'ZUI_SRCGPROJNEGTTN_MANAGE_0001' and user 'KHUSHAL'
/IWFND/CM_COS/064,UI_SRCGPROJQTN_MANAGE,/sap/opu/odata/sap/UI_SRCGPROJQTN_MANAGE,No System Alias found for Service 'ZUI_SRCGPROJQTN_MANAGE_0001' and user 'KHUSHAL'
NO_CODE,ZANA_PAI_PS_SRV,/sap/opu/odata/sap/ANA_PAI_PS_SRV,No service found for namespace /SAP/; name ANA_PAI_PS_SRV; version 0001.
NO_CODE,ZANA_PAI_REPOSITORY_SRV,/sap/opu/odata/sap/ANA_PAI_REPOSITORY_SRV,No service found for namespace /SAP/; name ANA_PAI_REPOSITORY_SRV; version 0001.
/IWFND/CM_COS/064,ZCREATE_SO_SRV,/sap/opu/odata/sap/ZCREATE_SO_SRV,No System Alias found for Service 'ZCREATE_SO_SRV_0001' and user 'KHUSHAL'
/IWFND/CM_COS/064,ZEASY_ACCESS_MENU,/sap/opu/odata/ui2/EASY_ACCESS_MENU,No System Alias found for Service 'ZEASY_ACCESS_MENU_0001' and user 'KHUSHAL'
NO_CODE,ZFARP_MANAGE_INTEREST_RUNS_SRV,/sap/opu/odata/sap/FARP_MANAGE_INTEREST_RUNS_SRV,No service found for namespace /SAP/; name FARP_MANAGE_INTEREST_RUNS_SRV; version 0001.
NO_CODE,ZFARR_CONFLICTED_CONTRACT_WL_SRV,/sap/opu/odata/sap/FARR_CONFLICTED_CONTRACT_WL_SRV,No service found for namespace /SAP/; name FARR_CONFLICTED_CONTRACT_WL_SRV; version 0001.
NO_CODE,ZFIN_RE_LOG_DETAIL_SRV,/sap/opu/odata/sap/FIN_RE_LOG_DETAIL_SRV,No service found for namespace /SAP/; name FIN_RE_LOG_DETAIL_SRV; version 0001.
/IWFND/CM_COS/064,ZSD_CDS_050_Q_CDS,/sap/opu/odata/sap/ZSD_CDS_050_Q_CDS,No System Alias found for Service 'ZSD_CDS_050_Q_CDS_0001' and user 'KHUSHAL'
/IWFND/CM_COS/064,ZTARGET_TV_CDS,/sap/opu/odata/sap/ZTARGET_TV_CDS,No System Alias found for Service 'ZTARGET_TV_CDS_0001' and user 'KHUSHAL'
NO_CODE,ZUI_ENGINEERING_REDLINE,/sap/opu/odata/sap/UI_ENGINEERING_REDLINE,No service found for namespace /SAP/; name UI_ENGINEERING_REDLINE; version 0001.
/IWFND/CM_COS/064,ZUSER_MENU,/sap/opu/odata/ui2/USER_MENU,No System Alias found for Service 'ZUSER_MENU_0001' and user 'KHUSHAL'
/IWFND/CM_COS/064,ZVKR_PO_SRV,/sap/opu/odata/sap/ZVKR_PO_SRV,No System Alias found for Service 'ZVKR_PO_SRV_0001' and user 'KHUSHAL'
/IWFND/CM_COS/064,ZZSALES1_SRV,/sap/opu/odata/sap/ZZSALES1_SRV,No System Alias found for Service 'ZZSALES1_SRV_0001' and user 'KHUSHAL'
/IWFND/CM_COS/064,ZZSALES_SRV,/sap/opu/odata/sap/ZZSALES_SRV,No System Alias found for Service 'ZZSALES_SRV_0001' and user 'KHUSHAL'
